Player,GP,MIN,PTS,FGM,FGA,FG%,3:00 PM,3PA,3P%,FTM,FTA,FT%,OREB,DREB,REB,AST,TOV,STL,BLK,PF,Plus Minus,MSR,MSR %,AST/G,TOV/G,REB/G,STL/G,BLK/G,FTA/G,3PM/G,PF/G,Euro Archetype Tag
Kyle Filipowski,1,29.8,32,12,17,0.706,3,7,0.429,5,8,0.625,0,6,6,5,2,0,1,8,5,148.56,14.856,5,2,6,0,1,8,3,8,Euro Facilitator
Kobe Bufkin,1,26,29,6,16,0.375,2,9,0.222,15,15,1,1,2,3,3,1,1,2,4,15,151.597,15.1597,3,1,3,1,2,15,2,4,
Reed Sheppard,1,33,28,10,25,0.4,6,15,0.4,2,4,0.5,0,8,8,4,3,4,3,2,-4,152.3,15.23,4,3,8,4,3,4,6,2,3&D Wing
Ronald Holland II,1,27.5,28,8,12,0.667,4,5,0.8,8,13,0.615,3,8,11,2,4,3,1,4,16,159.582,15.9582,2,4,11,3,1,13,4,4,
Nae'Qwan Tomlin,2,27.5,26,10.5,14,0.75,2.5,5,0.5,2.5,3.5,0.714,4,5,9,3,1.5,2,0.5,6.5,6,130.964,13.0964,1.5,0.75,4.5,1,0.25,1.75,1.25,3.25,
Kasparas Jakučionis,1,28.3,24,7,12,0.583,5,9,0.556,5,5,1,0,4,4,4,2,2,0,5,-11,107.439,10.7439,4,2,4,2,0,5,5,5,Euro Facilitator
Kyshawn George,1,31.6,24,10,18,0.556,3,9,0.333,1,1,1,1,6,7,3,5,3,0,5,-16,113.489,11.3489,3,5,7,3,0,1,3,5,
Quenton Jackson,1,25.8,24,8,10,0.8,1,1,1,7,7,1,0,0,0,3,2,2,0,4,-1,96.6,9.66,3,2,0,2,0,7,1,4,
Jordan Miller,1,34.3,23,7,18,0.389,2,7,0.286,7,9,0.778,4,7,11,2,3,2,1,5,1,144.753,14.4753,2,3,11,2,1,9,2,5,Stretch Big / Rim Protector
David Jones-Garcia,2,22.7,22.5,8.5,13.5,0.63,3.5,4,0.875,2,2.5,0.8,1.5,3.5,5,4,4,2,0,1.5,14,117.005,11.7005,2,2,2.5,1,0,1.25,1.75,0.75,3&D Wing
A.J. Lawson,1,19.9,22,7,15,0.467,4,8,0.5,4,6,0.667,4,2,6,2,0,2,0,2,8,113.534,11.3534,2,0,6,2,0,6,4,2,3&D Wing
Drew Timme,1,29.5,22,10,13,0.769,1,3,0.333,1,4,0.25,1,8,9,1,0,1,1,1,0,106.852,10.6852,1,0,9,1,1,4,1,1,
Kennedy Chandler,1,22.4,22,7,14,0.5,1,3,0.333,7,11,0.636,3,2,5,3,1,1,0,0,5,108.869,10.8869,3,1,5,1,0,11,1,0,
Terrence Shannon Jr.,2,29.8,22,7,16.5,0.424,3.5,11.5,0.304,4.5,5,0.9,1,5.5,6.5,6,1.5,1.5,0,2,9,134.428,13.4428,3,0.75,3.25,0.75,0,2.5,1.75,1,
Cole Swider,2,29.2,21.5,7,13.5,0.519,5,9,0.556,2.5,4.5,0.556,2,8,10,2.5,1.5,0.5,0,3.5,10,131.831,13.1831,1.25,0.75,5,0.25,0,2.25,2.5,1.75,
Cam Christie,1,34,21,6,12,0.5,3,9,0.333,6,8,0.75,2,4,6,2,3,2,0,3,4,126.583,12.6583,2,3,6,2,0,8,3,3,
Cody Williams,1,26.7,21,8,19,0.421,3,11,0.273,2,2,1,1,2,3,1,1,1,0,2,1,106.394,10.6394,1,1,3,1,0,2,3,2,
Javon Freeman-Liberty,2,28.3,21,5.5,12,0.458,1,3.5,0.286,9,11.5,0.783,0.5,2,2.5,1,2.5,1,0.5,2.5,-13,92.827,9.2827,0.5,1.25,1.25,0.5,0.25,5.75,0.5,1.25,
Walter Clayton Jr.,1,27.2,21,8,17,0.471,4,10,0.4,1,2,0.5,0,6,6,3,2,0,1,6,2,117.571,11.7571,3,2,6,0,1,2,4,6,
Cooper Flagg,2,31.4,20.5,7.5,21,0.357,1.5,7,0.214,4,7,0.571,0,5,5,2.5,1.5,1.5,0.5,1.5,-3,115.542,11.5542,1.25,0.75,2.5,0.75,0.25,3.5,0.75,0.75,
Chris Youngblood,2,23.9,20,7,11,0.636,4,6.5,0.615,2,3,0.667,2,1.5,3.5,1.5,2,1.5,0,1.5,31,123.818,12.3818,0.75,1,1.75,0.75,0,1.5,2,0.75,
KJ Simpson,2,29.4,20,7,15.5,0.452,3,8,0.375,3,4.5,0.667,1.5,3.5,5,4.5,3.5,2,0,3,-1,113.894,11.3894,2.25,1.75,2.5,1,0,2.25,1.5,1.5,3&D Wing
Chris Livingston,2,28.6,19.5,6.5,14,0.464,2.5,5.5,0.455,4,6.5,0.615,2,4,6,3.5,0,0,1,2.5,3,110.634,11.0634,1.75,0,3,0,0.5,3.25,1.25,1.25,
Devin Carter,2,26.7,19,6,13.5,0.444,2.5,5.5,0.455,4.5,6,0.75,0.5,5,5.5,2.5,2.5,2.5,0.5,3.5,8,115.849,11.5849,1.25,1.25,2.75,1.25,0.25,3,1.25,1.75,3&D Wing
Jacob Toppin,1,26.7,19,7,13,0.538,1,3,0.333,4,6,0.667,5,5,10,2,1,0,0,1,21,126.238,12.6238,2,1,10,0,0,6,1,1,
Jaylon Tyson,2,31.6,19,5.5,15,0.367,3,8,0.375,5,5.5,0.909,3,3,6,7.5,5,1,1.5,5.5,-2,124.751,12.4751,3.75,2.5,3,0.5,0.75,2.75,1.5,2.75,
Koby Brea,1,23.8,19,7,10,0.7,4,5,0.8,1,1,1,0,3,3,0,4,1,0,1,0,85.3,8.53,0,4,3,1,0,1,4,1,3&D Wing
Tristan da Silva,1,28.2,19,8,15,0.533,2,6,0.333,1,2,0.5,1,6,7,5,3,0,1,4,-7,102.566,10.2566,5,3,7,0,1,2,2,4,
Caleb Love,2,26.4,18,7,18.5,0.378,3.5,8,0.438,0.5,1,0.5,0,3.5,3.5,1.5,2,0.5,0.5,2.5,7,105.216,10.5216,0.75,1,1.75,0.25,0.25,0.5,1.75,1.25,
Daniss Jenkins,1,21.5,18,7,11,0.636,3,5,0.6,1,1,1,0,3,3,3,1,1,2,1,19,102.736,10.2736,3,1,3,1,2,1,3,1,3&D Wing
Javonte Cooke,1,22.9,18,7,15,0.467,4,8,0.5,0,0,0,0,6,6,2,1,1,0,4,9,104.867,10.4867,2,1,6,1,0,0,4,4,
Jaylen Wells,2,25.3,18,5,13,0.385,2,6,0.333,6,6.5,0.923,1,4,5,3,2,1.5,0.5,4,-5,99.441,9.9441,1.5,1,2.5,0.75,0.25,3.25,1,2,
Liam McNeeley,2,29.1,18,5.5,13.5,0.407,3,7,0.429,4,4.5,0.889,3,5.5,8.5,4,1.5,0.5,0,1.5,3,113.825,11.3825,2,0.75,4.25,0.25,0,2.25,1.5,0.75,
M.J. Walker Jr.,1,18.3,18,6,9,0.667,6,9,0.667,0,0,0,1,2,3,1,1,0,0,3,10,88.634,8.8634,1,1,3,0,0,0,6,3,
Nique Clifford,2,26.6,18,6.5,12.5,0.52,2,3.5,0.571,3,5,0.6,1.5,6.5,8,4,3,1.5,0.5,4.5,5,113.291,11.3291,2,1.5,4,0.75,0.25,2.5,1,2.25,
Tidjane Salaün,2,27.8,18,5.5,11.5,0.478,1.5,6,0.25,5.5,8.5,0.647,2,4.5,6.5,1.5,2,0,1,4,-4,103.175,10.3175,0.75,1,3.25,0,0.5,4.25,0.75,2,
Tre Johnson,1,27.8,18,7,13,0.538,3,5,0.6,1,2,0.5,2,1,3,2,3,1,0,0,-16,74.438,7.4438,2,3,3,1,0,2,3,0,3&D Wing
Enrique Freeman,2,26.7,17,4.5,7,0.643,1,2,0.5,7,9,0.778,3.5,5.5,9,1.5,2,1,2,3,-2,101.621,10.1621,0.75,1,4.5,0.5,1,4.5,0.5,1.5,
Jordan Walsh,1,27.1,17,6,12,0.5,3,6,0.5,2,4,0.5,0,3,3,2,3,0,0,1,6,96.6,9.66,2,3,3,0,0,4,3,1,
Matas Buzelis,1,25,17,4,14,0.286,2,8,0.25,7,7,1,0,5,5,1,4,1,2,3,-23,83.536,8.3536,1,4,5,1,2,7,2,3,
Pacôme Dadiet,1,24.7,17,8,13,0.615,1,3,0.333,0,1,0,1,0,1,1,3,0,1,3,-15,63.648,6.3648,1,3,1,0,1,1,1,3,
Ryan Dunn,1,28.9,17,7,12,0.583,2,5,0.4,1,2,0.5,1,4,5,4,1,2,0,2,13,108.383,10.8383,4,1,5,2,0,2,2,2,3&D Wing
Ajay Mitchell,2,27,16.5,5,12,0.417,1.5,4.5,0.333,5,6.5,0.769,1,4.5,5.5,4.5,6.5,1.5,0.5,4.5,20,128.019,12.8019,2.25,3.25,2.75,0.75,0.25,3.25,0.75,2.25,
Jamaree Bouyea,2,23.4,16.5,6.5,14.5,0.448,3.5,7,0.5,0,0,0,1,2.5,3.5,4,0,2.5,0.5,1.5,-1,86.848,8.6848,2,0,1.75,1.25,0.25,0,1.75,0.75,3&D Wing
Judah Mintz,2,27.1,16.5,3.5,10,0.35,0.5,2,0.25,9,13,0.692,0.5,2,2.5,3.5,0.5,0.5,0,3.5,-12,83.892,8.3892,1.75,0.25,1.25,0.25,0,6.5,0.25,1.75,
Maxime Raynaud,2,27.8,16.5,7,13,0.538,1.5,4.5,0.333,1,1,1,2,3.5,5.5,2,0.5,1,0,4.5,7,100.171,10.0171,1,0.25,2.75,0.5,0,0.5,0.75,2.25,
Alijah Martin,1,21.3,16,6,12,0.5,2,4,0.5,2,2,1,0,5,5,5,3,2,0,2,36,125.3,12.53,5,3,5,2,0,2,2,2,3&D Wing
Boogie Ellis,1,19,16,4,8,0.5,4,6,0.667,4,4,1,0,4,4,3,3,0,0,2,25,108.167,10.8167,3,3,4,0,0,4,4,2,
Cam Spencer,2,27,16,5,12,0.417,2,5,0.4,4,4,1,1.5,2,3.5,3,2.5,0.5,0,4,1,94.817,9.4817,1.5,1.25,1.75,0.25,0,2,1,2,
Dylan Harper,1,19.6,16,5,12,0.417,0,4,0,6,7,0.857,1,5,6,2,2,2,1,5,1,95.874,9.5874,2,2,6,2,1,7,0,5,Stretch Big / Rim Protector
Ethan Thompson,1,24.8,16,4,10,0.4,3,6,0.5,5,5,1,0,0,0,1,3,0,1,7,-2,85.7,8.57,1,3,0,0,1,5,3,7,
GG Jackson,1,29,16,5,10,0.5,1,3,0.333,5,9,0.556,1,3,4,2,2,0,0,2,-3,90.389,9.0389,2,2,4,0,0,9,1,2,
Isaiah Collier,1,28.1,16,6,10,0.6,2,3,0.667,2,2,1,2,4,6,9,6,2,0,3,-2,101.367,10.1367,9,6,6,2,0,2,2,3,
Pelle Larsson,1,26.6,16,3,10,0.3,1,7,0.143,9,11,0.818,0,2,2,3,3,1,0,3,-7,91.861,9.1861,3,3,2,1,0,11,1,3,
Tolu Smith,1,26.4,16,6,13,0.462,0,0,0,4,7,0.571,6,5,11,2,3,1,2,5,22,130.433,13.0433,2,3,11,1,2,7,0,5,
Alex Sarr,1,30.6,15,5,10,0.5,1,3,0.333,4,4,1,1,3,4,2,4,1,3,2,-14,80.433,8.0433,2,4,4,1,3,4,1,2,
Antonio Reeves,2,22.5,15,5.5,11,0.5,0.5,2,0.25,3.5,3.5,1,1.5,2,3.5,0,0,2,0,2,-9,67.25,6.725,0,0,1.75,1,0,1.75,0.25,1,
Dalton Knecht,1,25.8,15,6,16,0.375,3,7,0.429,0,0,0,2,2,4,2,0,1,0,1,10,95.604,9.5604,2,0,4,1,0,0,3,1,3&D Wing
Jonathan Mogbo,1,20.5,15,7,8,0.875,0,0,0,1,2,0.5,2,1,3,2,3,3,1,1,29,99.875,9.9875,2,3,3,3,1,2,0,1,
MarJon Beauchamp,1,26.1,15,6,15,0.4,0,4,0,3,5,0.6,1,1,2,0,1,0,1,2,-24,59.1,5.91,0,1,2,0,1,5,0,2,
Rob Dillingham,2,29.8,15,5,14.5,0.345,2.5,6,0.417,2.5,2.5,1,0.5,3,3.5,7.5,5.5,2.5,0,1.5,7,110.562,11.0562,3.75,2.75,1.75,1.25,0,1.25,1.25,0.75,3&D Wing
Jeremiah Fears,2,27.6,14.5,4.5,16.5,0.273,1,5.5,0.182,4.5,5.5,0.818,0.5,1.5,2,1,5,1,0,6,-11,86.873,8.6873,0.5,2.5,1,0.5,0,2.75,0.5,3,
Lester Quinones,2,21.5,14.5,5,10.5,0.476,4,7,0.571,0.5,1,0.5,0,3.5,3.5,2,2,2,0,5.5,-1,83.047,8.3047,1,1,1.75,1,0,0.5,2,2.75,
Armando Bacot,2,22.8,14,5.5,11,0.5,0,2,0,3,3,1,3.5,5.5,9,2,1.5,0.5,2.5,5.5,0,92.8,9.28,1,0.75,4.5,0.25,1.25,1.5,0,2.75,
Charles Bassey,1,18.5,14,7,8,0.875,0,0,0,0,0,0,7,4,11,0,1,0,2,0,20,93.375,9.3375,0,1,11,0,2,0,0,0,
Jase Richardson,1,22.3,14,5,8,0.625,2,3,0.667,2,2,1,0,1,1,1,1,1,0,4,4,73.592,7.3592,1,1,1,1,0,2,2,4,
Khaman Maluach,1,21,14,5,13,0.385,1,6,0.167,3,4,0.75,1,4,5,1,2,1,2,2,-6,80.302,8.0302,1,2,5,1,2,4,1,2,
Kobe Brown,1,20.2,14,5,7,0.714,2,3,0.667,2,2,1,2,2,4,4,3,2,0,1,1,76.581,7.6581,4,3,4,2,0,2,2,1,3&D Wing
Miles Kelly,2,27.8,14,4.5,10,0.45,2.5,7,0.357,2.5,2.5,1,1,2,3,1,0.5,1.5,0.5,2.5,-2,82.607,8.2607,0.5,0.25,1.5,0.75,0.25,1.25,1.25,1.25,
RayJ Dennis,2,28.1,14,4.5,13,0.346,2,6,0.333,3,3.5,0.857,0.5,2.5,3,6.5,4.5,2,1,1,-4,92.636,9.2636,3.25,2.25,1.5,1,0.5,1.75,1,0.5,
Sidy Cissoko,2,24,14,5.5,10.5,0.524,1.5,4,0.375,1.5,1.5,1,0.5,4,4.5,2.5,3,2,0.5,4.5,12,97.899,9.7899,1.25,1.5,2.25,1,0.25,0.75,0.75,2.25,
Skal Labissiere,1,17.4,14,5,8,0.625,0,2,0,4,4,1,1,4,5,1,1,0,2,3,9,82.025,8.2025,1,1,5,0,2,4,0,3,
Dominick Barlow,2,22.1,13.5,6,10,0.6,0.5,2.5,0.2,1,1,1,4,3,7,1.5,1,1.5,0,2.5,-7,71.9,7.19,0.75,0.5,3.5,0.75,0,0.5,0.25,1.25,
James Bouknight,2,21.9,13,3.5,5.5,0.636,1.5,3,0.5,4.5,4.5,1,0.5,5,5.5,4,2.5,1.5,1.5,0.5,10,90.536,9.0536,2,1.25,2.75,0.75,0.75,2.25,0.75,0.25,
Jamison Battle,1,21.5,13,5,7,0.714,3,5,0.6,0,0,0,0,0,0,1,3,1,0,3,9,72.814,7.2814,1,3,0,1,0,0,3,3,
Kevin McCullar Jr.,1,27.8,13,5,14,0.357,1,5,0.2,2,2,1,3,3,6,3,3,1,0,3,-18,75.357,7.5357,3,3,6,1,0,2,1,3,
Leonard Miller,2,23.4,13,5.5,13,0.423,1,5.5,0.182,1,1,1,1,7,8,0.5,2.5,1.5,2.5,3.5,-1,90.505,9.0505,0.25,1.25,4,0.75,1.25,0.5,0.5,1.75,
Nolan Traore,1,26.1,13,3,5,0.6,1,3,0.333,6,6,1,1,2,3,3,3,0,0,3,1,81.033,8.1033,3,3,3,0,0,6,1,3,
Rayan Rupert,2,23.7,13,3,6,0.5,1.5,2,0.75,5.5,5.5,1,1.5,4.5,6,3.5,2,2,0,3.5,11,96.45,9.645,1.75,1,3,1,0,2.75,0.75,1.75,3&D Wing
Tosan Evbuomwan,1,24.3,13,4,8,0.5,1,2,0.5,4,4,1,1,3,4,3,5,1,1,5,-3,82.3,8.23,3,5,4,1,1,4,1,5,
Trentyn Flowers,1,27.6,13,5,11,0.455,1,5,0.2,2,3,0.667,3,3,6,1,4,1,0,3,7,96.922,9.6922,1,4,6,1,0,3,1,3,
Tyrese Proctor,2,28.5,13,4,12,0.333,3,7.5,0.4,2,3.5,0.571,0.5,2.5,3,3,1,1.5,0.5,2,2,90.804,9.0804,1.5,0.5,1.5,0.75,0.25,1.75,1.5,1,
Derik Queen,2,26.7,12.5,4.5,10.5,0.429,0.5,1,0.5,3,5,0.6,2.5,9,11.5,2,4.5,0.5,0.5,5,-4,96.729,9.6729,1,2.25,5.75,0.25,0.25,2.5,0.25,2.5,
Hunter Tyson,2,28.5,12.5,4.5,14,0.321,1.5,5.5,0.273,2,3,0.667,1,8,9,1,1,1,0,1,-8,86.761,8.6761,0.5,0.5,4.5,0.5,0,1.5,0.75,0.5,
Jaylen Sims,2,20.2,12.5,4.5,6,0.75,0.5,1,0.5,3,4,0.75,2,2,4,1.5,1.5,2.5,0,1.5,7,75.7,7.57,0.75,0.75,2,1.25,0,2,0.25,0.75,3&D Wing
Nikola Topić,2,25.9,12.5,4.5,12,0.375,1.5,3.5,0.429,2,2,1,1,1.5,2.5,8,3,1.5,0,3,17,103.204,10.3204,4,1.5,1.25,0.75,0,1,0.75,1.5,
Pete Nance,2,28.1,12.5,4.5,10,0.45,2,5,0.4,1.5,2.5,0.6,0.5,5,5.5,2.5,1.5,1,2,3,4,92.55,9.255,1.25,0.75,2.75,0.5,1,1.25,1,1.5,
Adam Flagler,1,20.4,12,4,8,0.5,1,5,0.2,3,4,0.75,1,1,2,2,0,1,0,2,0,67.85,6.785,2,0,2,1,0,4,1,2,
Cormac Ryan,2,19.5,12,3.5,9,0.389,2,5.5,0.364,3,3.5,0.857,0,0,0,1,1.5,1,0.5,2,-1,64.61,6.461,0.5,0.75,0,0.5,0.25,1.75,1,1,
Eli John Ndiaye,1,20.8,12,4,8,0.5,1,4,0.25,3,4,0.75,4,2,6,2,0,1,1,3,8,85.3,8.53,2,0,6,1,1,4,1,3,Stretch Big / Rim Protector
Hugo González,1,28.2,12,4,12,0.333,3,5,0.6,1,5,0.2,2,2,4,5,3,1,2,3,11,104.333,10.4333,5,3,4,1,2,5,3,3,
Ja'Kobe Walter,1,21.5,12,4,12,0.333,1,5,0.2,3,3,1,0,3,3,2,4,1,0,2,25,103.033,10.3033,2,4,3,1,0,3,1,2,
Jackson Rowe,1,25,12,5,7,0.714,1,2,0.5,1,1,1,0,3,3,1,2,1,0,2,-29,39.214,3.9214,1,2,3,1,0,1,1,2,3&D Wing
Jazian Gortman,2,18.3,12,5.5,9,0.611,1,3,0.333,0,0,0,0,2,2,1.5,1.5,0,0,0.5,-5,52.244,5.2244,0.75,0.75,1,0,0,0,0.5,0.25,
Phillip Wheeler,2,18.6,12,3,4.5,0.667,0.5,1,0.5,5.5,6,0.917,1.5,0.5,2,0,1.5,0.5,1.5,3.5,-9,55.184,5.5184,0,0.75,1,0.25,0.75,3,0.25,1.75,
Will Richard,1,22.6,12,5,9,0.556,0,3,0,2,3,0.667,2,2,4,3,0,3,1,3,-8,67.823,6.7823,3,0,4,3,1,3,0,3,
Brooks Barnhizer,2,26.4,11.5,5,10.5,0.476,0.5,3.5,0.143,1,3,0.333,0.5,5.5,6,2.5,1.5,6.5,0.5,1.5,15,101.852,10.1852,1.25,0.75,3,3.25,0.25,1.5,0.25,0.75,
DJ Steward,2,24.3,11.5,4.5,14,0.321,2,3.5,0.571,0.5,0.5,1,2,3.5,5.5,4,2,1.5,0.5,1.5,10,93.192,9.3192,2,1,2.75,0.75,0.25,0.25,1,0.75,
DaRon Holmes II,2,24.9,11.5,4.5,7.5,0.6,2.5,5,0.5,0,0,0,1,4,5,0.5,1,0,0.5,2.5,-5,66.5,6.65,0.25,0.5,2.5,0,0.25,0,1.25,1.25,
Norchad Omier,2,20.9,11.5,5,9.5,0.526,0,0.5,0,1.5,2.5,0.6,4,4,8,1,3.5,1.5,0.5,5.5,-7,73.526,7.3526,0.5,1.75,4,0.75,0.25,1.25,0,2.75,
Riley Minix,2,25.2,11.5,4,8.5,0.471,3,6,0.5,0.5,0.5,1,1,4,5,1.5,1,0.5,0,3,14,91.171,9.1171,0.75,0.5,2.5,0.25,0,0.25,1.5,1.5,
Ryan Nembhard,2,31.8,11.5,4.5,12,0.375,0.5,3,0.167,2,2,1,0,2.5,2.5,6,4,1,0,4,5,93.842,9.3842,3,2,1.25,0.5,0,1,0.25,2,
Taelon Peter,2,25.3,11.5,5,7.5,0.667,1.5,4,0.375,0,0,0,0.5,2,2.5,1.5,1,1,0,1,4,69.342,6.9342,0.75,0.5,1.25,0.5,0,0,0.75,0.5,
Tristan Enaruna,2,18.3,11.5,4,6,0.667,1,2.5,0.4,2.5,5,0.5,0,1,1,2,0.5,0,0,1,11,68.867,6.8867,1,0.25,0.5,0,0,2.5,0.5,0.5,
Tyrell Harrison,2,23.7,11.5,4.5,7,0.643,0,0,0,2.5,5,0.5,3,3.5,6.5,1,1.5,1,1,1.5,6,80.343,8.0343,0.5,0.75,3.25,0.5,0.5,2.5,0,0.75,
AJ Johnson,1,20.7,11,4,9,0.444,0,3,0,3,4,0.75,0,3,3,1,1,1,0,0,-8,56.894,5.6894,1,1,3,1,0,4,0,0,
Bronny James,2,22.5,11,3.5,9.5,0.368,1,5.5,0.182,3,4,0.75,0.5,1,1.5,2.5,2.5,1,0.5,2.5,-3,70.3,7.03,1.25,1.25,0.75,0.5,0.25,2,0.5,1.25,
Isaac Jones,2,27,11,3,6,0.5,0.5,1,0.5,4.5,5.5,0.818,2.5,3.5,6,2.5,2.5,1,0.5,3,8,89.818,8.9818,1.25,1.25,3,0.5,0.25,2.75,0.25,1.5,
Kenneth Lofton Jr.,1,17.9,11,1,8,0.125,0,0,0,9,10,0.9,6,3,9,2,3,0,1,1,13,95.925,9.5925,2,3,9,0,1,10,0,1,Stretch Big / Rim Protector
Mason Jones,2,26.9,11,3,7,0.429,2,5,0.4,3,4,0.75,0.5,2.5,3,5.5,1,1,0,3.5,2,82.479,8.2479,2.75,0.5,1.5,0.5,0,2,1,1.75,
Micah Peavy,1,24.9,11,5,9,0.556,1,2,0.5,0,0,0,3,4,7,0,2,2,0,7,-20,58.956,5.8956,0,2,7,2,0,0,1,7,
Oso Ighodaro,1,31,11,4,5,0.8,0,0,0,3,4,0.75,6,8,14,2,3,3,0,2,4,101.55,10.155,2,3,14,3,0,4,0,2,
Vladislav Goldin,1,13.4,11,5,5,1,0,0,0,1,3,0.333,1,0,1,1,3,0,0,0,14,59.733,5.9733,1,3,1,0,0,3,0,0,
Osayi Osifo,2,18.9,10.5,5,6.5,0.769,0,0,0,0.5,0.5,1,1.5,2.5,4,1.5,0,0.5,1,5,17,76.669,7.6669,0.75,0,2,0.25,0.5,0.25,0,2.5,
Tamar Bates,2,18.3,10.5,4.5,12.5,0.36,0.5,4.5,0.111,1,1,1,1.5,0,1.5,2,1.5,1.5,0,1.5,2,65.771,6.5771,1,0.75,0.75,0.75,0,0.5,0.25,0.75,
Bobi Klintman,1,31.6,10,3,7,0.429,1,3,0.333,3,4,0.75,1,7,8,5,2,2,1,2,22,114.112,11.4112,5,2,8,2,1,4,1,2,Euro Facilitator
Chaz Lanier,1,24.8,10,4,11,0.364,2,7,0.286,0,0,0,1,1,2,4,1,1,1,2,11,83.45,8.345,4,1,2,1,1,0,2,2,
Darius Bazley,2,27.9,10,3.5,6,0.583,0.5,1.5,0.333,2.5,8,0.313,3.5,7,10.5,3.5,2.5,1.5,3,3,13,108.629,10.8629,1.75,1.25,5.25,0.75,1.5,4,0.25,1.5,
Dexter Dennis,2,20.7,10,3,4,0.75,3,3.5,0.857,1,2,0.5,0,0.5,0.5,0,0,0,0.5,2,11,63.807,6.3807,0,0,0.25,0,0.25,1,1.5,1,
Hansen Yang,2,24.8,10,3.5,7.5,0.467,0.5,2.5,0.2,2.5,3,0.833,1,3.5,4.5,4,4,0.5,2,4.5,12,91.8,9.18,2,2,2.25,0.25,1,1.5,0.25,2.25,
Justin Edwards,2,25.5,10,3.5,11,0.318,2,6,0.333,1,1.5,0.667,0,1.5,1.5,1,3,0,0,3.5,-15,57.318,5.7318,0.5,1.5,0.75,0,0,0.75,1,1.75,
Kel'el Ware,1,26.6,10,4,9,0.444,0,2,0,2,2,1,3,3,6,0,1,1,1,3,-21,54.044,5.4044,0,1,6,1,1,2,0,3,Stretch Big / Rim Protector
Kevon Harris,1,17.2,10,3,7,0.429,2,5,0.4,2,2,1,1,0,1,2,2,4,0,2,-6,56.029,5.6029,2,2,1,4,0,2,2,2,3&D Wing
Kobe Sanders,1,13.7,10,4,9,0.444,2,4,0.5,0,0,0,1,0,1,1,1,1,0,1,5,54.644,5.4644,1,1,1,1,0,0,2,1,3&D Wing
Malevy Leons,2,22.5,10,4.5,7,0.643,0.5,1,0.5,0.5,0.5,1,3,4,7,3,0.5,1.5,1,5,22,95.643,9.5643,1.5,0.25,3.5,0.75,0.5,0.25,0.25,2.5,
Spencer Jones,2,24.1,10,4,7.5,0.533,1.5,4,0.375,0.5,1.5,0.333,1,3,4,0,1,1.5,0,5,-11,58.841,5.8841,0,0.5,2,0.75,0,0.75,0.75,2.5,
Taran Armstrong,1,24.9,10,3,7,0.429,2,4,0.5,2,2,1,0,3,3,7,3,4,0,0,-18,58.829,5.8829,7,3,3,4,0,2,2,0,3&D Wing
Tyler Kolek,1,26.6,10,4,11,0.364,0,5,0,2,2,1,3,3,6,8,5,1,1,2,-14,76.964,7.6964,8,5,6,1,1,2,0,2,Stretch Big / Rim Protector
Yves Missi,2,25.3,10,4,10,0.4,0,0,0,2,6.5,0.308,5,7,12,0,0.5,1,1.5,2,-13,74.508,7.4508,0,0.25,6,0.5,0.75,3.25,0,1,
Johnny Furphy,2,19.1,9.5,4,8,0.5,1,4.5,0.222,0.5,1,0.5,0,3,3,2.5,2.5,0.5,0,2,-13,49.322,4.9322,1.25,1.25,1.5,0.25,0,0.5,0.5,1,
Amari Williams,1,21.5,9,3,3,1,0,0,0,3,4,0.75,0,3,3,1,3,1,2,3,-6,55.25,5.525,1,3,3,1,2,4,0,3,
Cameron Tyson,2,14.8,9,3,7,0.429,3,6.5,0.462,0,0,0,0.5,2,2.5,2,0,0,0,2,-1,52.191,5.2191,1,0,1.25,0,0,0,1.5,1,
Curtis Jones,2,16.7,9,3,7,0.429,2,5,0.4,1,1,1,0,3,3,2.5,1.5,0,0.5,4,1,62.029,6.2029,1.25,0.75,1.5,0,0.25,0.5,1,2,
Jaden Shackelford,1,19.6,9,3,7,0.429,2,6,0.333,1,3,0.333,0,2,2,1,1,0,0,2,-18,41.695,4.1695,1,1,2,0,0,3,2,2,
Jamal Shead,1,21.5,9,4,10,0.4,1,3,0.333,0,0,0,2,2,4,6,2,2,0,3,28,98.233,9.8233,6,2,4,2,0,0,1,3,
Jermaine Samuels Jr.,1,27.7,9,3,6,0.5,1,2,0.5,2,3,0.667,2,3,5,0,3,0,0,2,5,75.367,7.5367,0,3,5,0,0,3,1,2,
Joan Beringer,2,22.3,9,3.5,4.5,0.778,0,0,0,2,3,0.667,4,3.5,7.5,2,0.5,1,3.5,2,12,81.745,8.1745,1,0.25,3.75,0.5,1.75,1.5,0,1,
Johni Broome,2,16.3,9,3.5,7.5,0.467,2,2.5,0.8,0,0,0,3,1,4,1.5,1,1,0.5,3.5,-2,55.567,5.5567,0.75,0.5,2,0.5,0.25,0,1,1.75,
Keshad Johnson,1,27.6,9,3,8,0.375,1,3,0.333,2,2,1,1,2,3,3,0,0,1,8,-15,60.308,6.0308,3,0,3,0,1,2,1,8,
Moses Wood,1,18.3,9,4,11,0.364,1,7,0.143,0,0,0,0,2,2,4,1,1,0,2,23,85.807,8.5807,4,1,2,1,0,0,1,2,
N'Faly Dante,1,25.7,9,4,8,0.5,0,0,0,1,2,0.5,4,0,4,1,1,2,3,4,-14,55.7,5.57,1,1,4,2,3,2,0,4,
Ulrich Chomche,1,18.8,9,4,6,0.667,0,0,0,1,2,0.5,4,2,6,1,0,3,1,3,23,84.967,8.4967,1,0,6,3,1,2,0,3,
Warith Alatishe,1,21,9,4,5,0.8,0,0,0,1,2,0.5,4,2,6,1,0,0,5,1,9,71.3,7.13,1,0,6,0,5,2,0,1,
Yuri Collins,1,24.8,9,4,7,0.571,0,0,0,1,1,1,0,4,4,6,3,1,0,3,2,71.371,7.1371,6,3,4,1,0,1,0,3,
Zavier Simpson,1,26.7,9,4,9,0.444,0,3,0,1,2,0.5,2,1,3,5,4,2,3,2,2,79.644,7.9644,5,4,3,2,3,2,0,2,
Noa Essengue,2,21.6,8.5,3,8.5,0.353,0.5,3.5,0.143,2,4.5,0.444,2.5,4,6.5,0.5,4,2,1,2,-18,57.54,5.754,0.25,2,3.25,1,0.5,2.25,0.25,1,
Ryan Kalkbrenner,2,29.4,8.5,3.5,7.5,0.467,0,0.5,0,1.5,2,0.75,2.5,3,5.5,3,1.5,1,3.5,2.5,6,82.617,8.2617,1.5,0.75,2.75,0.5,1.75,1,0,1.25,
Saliou Niang,2,21.6,8.5,2.5,6.5,0.385,0.5,2.5,0.2,3,3.5,0.857,2,2.5,4.5,0.5,3,1,0,2.5,-7,59.042,5.9042,0.25,1.5,2.25,0.5,0,1.75,0.25,1.25,
Adama Sanogo,1,16.4,8,3,4,0.75,0,0,0,2,2,1,3,5,8,3,0,0,1,1,-11,47.15,4.715,3,0,8,0,1,2,0,1,Stretch Big / Rim Protector
Asa Newell,1,25.9,8,3,9,0.333,1,3,0.333,1,2,0.5,2,6,8,2,0,2,0,0,17,91.066,9.1066,2,0,8,2,0,2,1,0,
Baylor Scheierman,1,27.9,8,2,14,0.143,1,8,0.125,3,3,1,0,5,5,4,1,0,0,4,5,92.168,9.2168,4,1,5,0,0,3,1,4,Euro Facilitator
CJ Huntley,1,19,8,4,5,0.8,0,0,0,0,0,0,0,5,5,1,1,1,1,4,25,79.8,7.98,1,1,5,1,1,0,0,4,
Christian Koloko,2,17.9,8,2.5,5,0.5,0.5,1.5,0.333,2.5,3.5,0.714,2,2.5,4.5,1.5,0.5,0.5,2,4.5,-2,58.947,5.8947,0.75,0.25,2.25,0.25,1,1.75,0.25,2.25,
Egor Dëmin,1,22.8,8,2,5,0.4,2,5,0.4,2,2,1,1,3,4,0,2,1,0,3,0,64.6,6.46,0,2,4,1,0,2,2,3,
Gabe Madsen,1,8.6,8,3,4,0.75,2,3,0.667,0,0,0,1,0,1,0,1,0,0,0,-1,32.017,3.2017,0,1,1,0,0,0,2,0,
Isaiah Crawford,2,16.2,8,3,5,0.6,1.5,2.5,0.6,0.5,1,0.5,1,3.5,4.5,1,1.5,0.5,1,0.5,4,56.9,5.69,0.5,0.75,2.25,0.25,0.5,0.5,0.75,0.25,
Jacksen Moni,1,7.8,8,3,4,0.75,2,3,0.667,0,0,0,1,1,2,0,0,0,0,0,-1,32.217,3.2217,0,0,2,0,0,0,2,0,
Jahmir Young,2,19.9,8,3,6.5,0.462,0,1,0,2,2,1,0.5,1.5,2,5,2.5,1,0,0.5,-15,41.862,4.1862,2.5,1.25,1,0.5,0,1,0,0.25,
Jules Bernard,1,18.7,8,3,11,0.273,0,2,0,2,2,1,2,2,4,2,0,0,0,2,-13,46.973,4.6973,2,0,4,0,0,2,0,2,
Keve Aluma,2,15.6,8,3.5,7,0.5,1,3.5,0.286,0,0.5,0,2,2,4,0,1,1.5,0.5,2,-12,40.886,4.0886,0,0.5,2,0.75,0.25,0.25,0.5,1,
Miles Norris,1,21.5,8,2,5,0.4,1,4,0.25,3,3,1,1,4,5,0,3,1,1,5,12,81.15,8.115,0,3,5,1,1,3,1,5,
Nate Williams,1,31.2,8,4,15,0.267,0,7,0,0,0,0,2,4,6,3,5,1,0,4,-1,89.467,8.9467,3,5,6,1,0,0,0,4,
Nikola Đurišić,1,23.8,8,4,10,0.4,0,1,0,0,0,0,1,2,3,1,2,1,0,8,5,70.2,7.02,1,2,3,1,0,0,0,8,
Noah Penda,1,25.9,8,4,9,0.444,0,3,0,0,0,0,0,3,3,4,2,2,0,2,4,70.344,7.0344,4,2,3,2,0,0,0,2,
Robert Baker,2,13.3,8,2.5,4.5,0.556,1,3,0.333,2,3,0.667,0.5,2.5,3,1.5,0,1,0,1,-8,40.356,4.0356,0.75,0,1.5,0.5,0,1.5,0.5,0.5,
Tyson Etienne,1,22,8,3,10,0.3,2,6,0.333,0,0,0,3,1,4,2,2,2,0,4,-1,68.633,6.8633,2,2,4,2,0,0,2,4,
Zakai Zeigler,1,18.5,8,2,4,0.5,2,2,1,2,2,1,0,1,1,1,3,1,0,3,-1,52,5.2,1,3,1,1,0,2,2,3,
E.J. Liddell,2,23.8,7.5,2.5,7.5,0.333,1,3.5,0.286,1.5,2,0.75,4,5,9,0.5,3.5,0,0.5,3.5,-10,66.669,6.6669,0.25,1.75,4.5,0,0.25,1,0.5,1.75,
Jesse Edwards,2,14.5,7.5,3,3.5,0.857,0,0,0,1.5,3,0.5,0.5,1.5,2,0.5,0.5,0.5,0.5,3,2,45.357,4.5357,0.25,0.25,1,0.25,0.25,1.5,0,1.5,
Kam Jones,2,25,7.5,3,7.5,0.4,0,3,0,1.5,2,0.75,1.5,2.5,4,2,2.5,1.5,0,3,-5,62.65,6.265,1,1.25,2,0.75,0,1,0,1.5,
Maozinha Pereira,2,21.1,7.5,3,5.5,0.545,1.5,3,0.5,0,0,0,0.5,2,2.5,1,1.5,0,0,1.5,-16,35.645,3.5645,0.5,0.75,1.25,0,0,0,0.75,0.75,
Adem Bona,2,19.1,7,3.5,7.5,0.467,0,0.5,0,0,0,0,3.5,2,5.5,1,3,1.5,2.5,3,-14,46.067,4.6067,0.5,1.5,2.75,0.75,1.25,0,0,1.5,
Alex Toohey,1,23.5,7,2,9,0.222,1,4,0.25,2,4,0.5,1,2,3,1,2,4,0,2,-47,21.472,2.1472,1,2,3,4,0,4,1,2,
Caleb Grill,2,17.5,7,2.5,6.5,0.385,2,6,0.333,0,0,0,0,1.5,1.5,0.5,0.5,1.5,0,3,-10,40.718,4.0718,0.25,0.25,0.75,0.75,0,0,1,1.5,
Craig Porter Jr.,1,6.5,7,2,2,1,1,1,1,2,2,1,0,1,1,1,0,0,0,1,9,39.5,3.95,1,0,1,0,0,2,1,1,
Gabe McGlothan,2,18.3,7,2.5,5,0.5,2,4,0.5,0,0,0,1.5,3,4.5,0,0.5,0.5,0,0.5,-2,48.3,4.83,0,0.25,2.25,0.25,0,0,1,0.25,
Hason Ward,2,12.9,7,3.5,4,0.875,0,0,0,0,0,0,1.5,2,3.5,2,1,0.5,0.5,3.5,7,49.775,4.9775,1,0.5,1.75,0.25,0.25,0,0,1.75,
Jack McVeigh,1,15.8,7,3,8,0.375,1,4,0.25,0,0,0,1,4,5,1,1,1,0,1,-13,40.425,4.0425,1,1,5,1,0,0,1,1,
Jaylen Clark,2,27.3,7,2.5,10,0.25,1,5.5,0.182,1,2,0.5,1,2,3,2,0.5,2,1,3,11,82.732,8.2732,1,0.25,1.5,1,0.5,1,0.5,1.5,
Lachlan Olbrich,2,24.9,7,2.5,6.5,0.385,0,1,0,2,3,0.667,1.5,2.5,4,0.5,2.5,1,0,3.5,-9,54.452,5.4452,0.25,1.25,2,0.5,0,1.5,0,1.75,
Mohamed Diawara,1,17.4,7,3,7,0.429,1,3,0.333,0,1,0,3,4,7,1,1,0,0,1,0,57.162,5.7162,1,1,7,0,0,1,1,1,
PJ Hall,2,10.5,7,2.5,3.5,0.714,1,1.5,0.667,1,1,1,1.5,2,3.5,1,1.5,0,1,6,-2,44.881,4.4881,0.5,0.75,1.75,0,0.5,0.5,0.5,3,
Phlandrous Fleming Jr.,2,16.3,7,2.5,6,0.417,0.5,2,0.25,1.5,2,0.75,2,4.5,6.5,3,1.5,0.5,0,1,8,66.217,6.6217,1.5,0.75,3.25,0.25,0,1,0.25,0.5,
Sir'Jabari Rice,1,18,7,3,10,0.3,1,5,0.2,0,1,0,3,2,5,1,0,1,1,3,0,61.5,6.15,1,0,5,1,1,1,1,3,
Tyler Burton,2,16.1,7,2.5,6,0.417,0.5,3,0.167,1.5,2,0.75,1,3.5,4.5,1.5,1,0.5,0.5,0.5,2,54.934,5.4934,0.75,0.5,2.25,0.25,0.25,1,0.25,0.25,
Amari Bailey,2,12.2,6.5,2,5,0.4,0.5,1,0.5,2,3,0.667,1,2,3,2.5,0.5,0.5,0,0.5,9,52.767,5.2767,1.25,0.25,1.5,0.25,0,1.5,0.25,0.25,
Jamal Cain,2,18,6.5,3,6,0.5,0.5,2.5,0.2,0,0,0,1,2,3,0.5,0,0,0,1.5,0,45.2,4.52,0.25,0,1.5,0,0,0,0.25,0.75,
Jordan Hall,2,23,6.5,3,7,0.429,0.5,3,0.167,0,0,0,1,3.5,4.5,3,2,1.5,0.5,4.5,-3,61.096,6.1096,1.5,1,2.25,0.75,0.25,0,0.25,2.25,
Kyle Mangas,2,14,6.5,2,3.5,0.571,1,2.5,0.4,1.5,2,0.75,0.5,2,2.5,2,1,0,0,1,9,52.721,5.2721,1,0.5,1.25,0,0,1,0.5,0.5,
Tristen Newton,2,16.4,6.5,2,6.5,0.308,1.5,4,0.375,1,1.5,0.667,0.5,1,1.5,2,1,1,0,2,-3,46.75,4.675,1,0.5,0.75,0.5,0,0.75,0.75,1,
Ariel Hukporti,1,20.4,6,3,5,0.6,0,0,0,0,2,0,2,3,5,2,1,0,2,5,-16,41,4.1,2,1,5,0,2,2,0,5,
Arthur Kaluma,2,12.8,6,2.5,5,0.5,1,2,0.5,0,0,0,0,1.5,1.5,1,0.5,0,1,4,-3,36.8,3.68,0.5,0.25,0.75,0,0.5,0,0.5,2,
Devone Grant,1,10.4,6,2,4,0.5,2,2,1,0,0,0,0,1,1,2,1,0,0,2,-8,26.9,2.69,2,1,1,0,0,0,2,2,
Dink Pate,1,13.7,6,1,8,0.125,1,2,0.5,3,3,1,2,4,6,3,0,0,0,0,4,58.325,5.8325,3,0,6,0,0,3,1,0,
Erik Stevenson,1,16.3,6,2,5,0.4,2,5,0.4,0,0,0,1,3,4,1,2,0,0,1,2,51.1,5.11,1,2,4,0,0,0,2,1,
Isaiah Stevens,2,17.3,6,2.5,6,0.417,1,3,0.333,0,0,0,0.5,1,1.5,2.5,0.5,1.5,0,1,12,57.05,5.705,1.25,0.25,0.75,0.75,0,0,0.5,0.5,
Jalen Crutcher,1,17.7,6,2,6,0.333,2,5,0.4,0,0,0,0,0,0,1,0,0,0,0,-7,33.433,3.3433,1,0,0,0,0,0,2,0,
Keion Brooks Jr.,2,17,6,1.5,3.5,0.429,0.5,1.5,0.333,2.5,3,0.833,2.5,0.5,3,0.5,0.5,1.5,0,2.5,0,48.095,4.8095,0.25,0.25,1.5,0.75,0,1.5,0.25,1.25,
Kendall Brown,1,7.4,6,2,4,0.5,1,1,1,1,2,0.5,0,1,1,0,0,0,0,0,6,34.4,3.44,0,0,1,0,0,2,1,0,
Lawson Lovering,2,16.6,6,2.5,3,0.833,0,0,0,1,4,0.25,2.5,2.5,5,0.5,1.5,0,0.5,4.5,1,52.183,5.2183,0.25,0.75,2.5,0,0.25,2,0,2.25,
Malik Williams,2,11.9,6,2.5,4.5,0.556,0.5,2,0.25,0.5,1.5,0.333,0.5,2,2.5,1,0.5,0.5,0.5,2.5,-8,32.539,3.2539,0.5,0.25,1.25,0.25,0.25,0.75,0.25,1.25,
Nell Joseph,1,15.5,6,3,5,0.6,0,0,0,0,0,0,3,4,7,0,1,1,2,2,2,52.1,5.21,0,1,7,1,2,0,0,2,
RJ Davis,2,12.5,6,2,6,0.333,0.5,3.5,0.143,1.5,2.5,0.6,0.5,0.5,1,3,1,0.5,0,2.5,-5,39.576,3.9576,1.5,0.5,0.5,0.25,0,1.25,0.25,1.25,
Trevor Keels,1,9.5,6,2,4,0.5,2,4,0.5,0,0,0,0,0,0,1,0,0,0,0,5,34.5,3.45,1,0,0,0,0,0,2,0,
Wooga Poplar,2,14.9,6,1.5,4.5,0.333,0.5,2.5,0.2,2.5,3,0.833,0,1,1,0.5,1,0,0,1,-16,25.266,2.5266,0.25,0.5,0.5,0,0,1.5,0.25,0.5,
Zhuric Phelps,1,11.2,6,3,3,1,0,0,0,0,3,0,1,0,1,2,0,1,2,0,8,42.2,4.22,2,0,1,1,2,3,0,0,
Harrison Ingram,2,20.8,5.5,2.5,7.5,0.333,0.5,2.5,0.2,0,0,0,1.5,6,7.5,4,1,0.5,0,3.5,12,75.833,7.5833,2,0.5,3.75,0.25,0,0,0.25,1.75,
Jameer Nelson Jr.,2,15,5.5,1,4,0.25,0,1.5,0,3.5,3.5,1,0,1,1,2.5,2.5,1,0,1,7,51.25,5.125,1.25,1.25,0.5,0.5,0,1.75,0,0.5,
Reece Beekman,2,19.9,5.5,1.5,5,0.3,0,0.5,0,2.5,2.5,1,0,1.5,1.5,8,2,1.5,0,0.5,-4,49.7,4.97,4,1,0.75,0.75,0,1.25,0,0.25,
Sion James,2,17.8,5.5,2,5.5,0.364,0,2.5,0,1.5,2,0.75,1,2.5,3.5,3,1,0.5,0.5,2,1,52.914,5.2914,1.5,0.5,1.75,0.25,0.25,1,0,1,
Tyler Smith,2,26.9,5.5,1.5,8,0.188,0.5,6,0.083,2,3.5,0.571,1,2.5,3.5,0,2,0,2,2.5,-1,67.242,6.7242,0,1,1.75,0,1,1.75,0.25,1.25,
Boo Buie,2,7.3,5,1,2.5,0.4,0.5,1.5,0.333,2.5,2.5,1,0,1.5,1.5,0.5,0.5,0,0,0,0,28.533,2.8533,0.25,0.25,0.75,0,0,1.25,0.25,0,
Cam Carter,1,7.2,5,2,4,0.5,1,3,0.333,0,0,0,0,3,3,2,1,0,0,1,10,43.033,4.3033,2,1,3,0,0,0,1,1,
Chibuzo Agbo,1,8.9,5,2,2,1,1,1,1,0,0,0,0,1,1,0,0,0,0,1,8,32.9,3.29,0,0,1,0,0,0,1,1,
Colin Castleton,1,16.6,5,2,6,0.333,1,2,0.5,0,0,0,4,4,8,0,3,1,1,4,12,70.433,7.0433,0,3,8,1,1,0,1,4,
Dmytro Skapintsev,2,10.1,5,1.5,3.5,0.429,1,2,0.5,1,1,1,1,1,2,1,0.5,0,1,4,7,44.529,4.4529,0.5,0.25,1,0,0.5,0.5,0.5,2,
Elijah Harkless,1,29.8,5,1,6,0.167,0,4,0,3,4,0.75,1,1,2,2,1,4,0,6,7,77.717,7.7717,2,1,2,4,0,4,0,6,
Grant Nelson,1,13.6,5,2,4,0.5,1,3,0.333,0,0,0,1,1,2,1,1,0,0,1,-9,27.433,2.7433,1,1,2,0,0,0,1,1,
Hunter Maldonado,2,12.4,5,2,4.5,0.444,1,3.5,0.286,0,0.5,0,1,0.5,1.5,0.5,0,1.5,0,1.5,7,43.13,4.313,0.25,0,0.75,0.75,0,0.25,0.5,0.75,
Hunter Sallis,2,27.1,5,1.5,8.5,0.176,0,2.5,0,2,3,0.667,0,3,3,2.5,1,1.5,1,1.5,-5,58.943,5.8943,1.25,0.5,1.5,0.75,0.5,1.5,0,0.75,
Kon Knueppel,1,29.9,5,1,8,0.125,0,5,0,3,6,0.5,0,1,1,4,3,1,0,3,6,77.525,7.7525,4,3,1,1,0,6,0,3,
Mark Armstrong,2,7.5,5,2,4.5,0.444,0.5,2,0.25,0.5,1,0.5,0.5,0.5,1,1,1,0.5,0,0.5,-11,18.194,1.8194,0.5,0.5,0.5,0.25,0,0.5,0.25,0.25,
Matthew Cleveland,2,13,5,2,5,0.4,0,0.5,0,1,1,1,3,1.5,4.5,1,0.5,0,0,1,-2,38.4,3.84,0.5,0.25,2.25,0,0,0.5,0,0.5,
Max Shulga,1,21.6,5,2,4,0.5,0,2,0,1,2,0.5,0,3,3,3,0,2,1,3,-2,51.6,5.16,3,0,3,2,1,2,0,3,
Maxwell Lewis,2,16.7,5,1,6,0.167,0.5,3,0.167,2.5,3,0.833,1.5,1,2.5,1.5,1,0,1,3,-2,48.367,4.8367,0.75,0.5,1.25,0,0.5,1.5,0.25,1.5,
Stanley Umude,2,14,5,2,5,0.4,0.5,2,0.25,0.5,1.5,0.333,0.5,1.5,2,0,0,1.5,0,1.5,-9,29.483,2.9483,0,0,1,0.75,0,0.75,0.25,0.75,
Will Riley,1,20.2,5,2,6,0.333,1,3,0.333,0,0,0,0,3,3,0,1,0,0,0,-11,33.866,3.3866,0,1,3,0,0,0,1,0,
Zyon Pullin,1,24.3,5,2,6,0.333,1,3,0.333,0,0,0,0,2,2,4,2,0,0,0,-3,48.966,4.8966,4,2,2,0,0,0,1,0,
DJ Carton,2,15,4.5,2,4.5,0.444,0,2,0,0.5,1,0.5,1.5,3,4.5,1,1.5,0.5,0,1.5,-5,38.944,3.8944,0.5,0.75,2.25,0.25,0,0.5,0,0.75,
Darius Brown,2,16,4.5,1,2.5,0.4,0,1,0,2.5,2.5,1,0,2.5,2.5,3.5,1.5,1,0,1.5,7,50.9,5.09,1.75,0.75,1.25,0.5,0,1.25,0,0.75,
Ty Brewer,2,11.5,4.5,2,4.5,0.444,0.5,1.5,0.333,0,1,0,1.5,1.5,3,0,1,1,0,1,-4,31.277,3.1277,0,0.5,1.5,0.5,0,0.5,0.25,0.5,
Aaron Estrada,2,11.8,4,2,4,0.5,0,0.5,0,0,0,0,0,0.5,0.5,1,1.5,0,0.5,0,-9,17.8,1.78,0.5,0.75,0.25,0,0.25,0,0,0,
Andre Jackson Jr.,2,21,4,1,2.5,0.4,1,1.5,0.667,1,1,1,1,2,3,3,2.5,0,0,4.5,2,53.067,5.3067,1.5,1.25,1.5,0,0,0.5,0.5,2.25,
Bub Carrington,1,32.2,4,1,9,0.111,1,5,0.2,1,2,0.5,1,2,3,5,0,2,0,2,-10,61.011,6.1011,5,0,3,2,0,2,1,2,
Chaney Johnson,1,14.3,4,1,2,0.5,0,1,0,2,2,1,1,4,5,0,3,0,0,3,10,53.8,5.38,0,3,5,0,0,2,0,3,
Daeqwon Plowden,2,12.8,4,1,4,0.25,1,3,0.333,1,1,1,0,3,3,1,0,0,0.5,0.5,5,42.383,4.2383,0.5,0,1.5,0,0.25,0.5,0.5,0.25,
Danny Wolf,1,20,4,0,5,0,0,3,0,4,4,1,0,6,6,2,4,0,1,2,-3,59,5.9,2,4,6,0,1,4,0,2,Stretch Big / Rim Protector
Dawson Garcia,1,13.6,4,2,3,0.667,0,1,0,0,0,0,2,3,5,1,2,0,1,6,-4,40.267,4.0267,1,2,5,0,1,0,0,6,
Jahmai Mashack,1,24.5,4,2,8,0.25,0,2,0,0,0,0,1,4,5,4,3,0,2,1,4,64.75,6.475,4,3,5,0,2,0,0,1,
James Nnaji,1,11.4,4,1,1,1,0,0,0,2,4,0.5,0,0,0,0,1,1,1,6,-2,31.9,3.19,0,1,0,1,1,4,0,6,
Jamir Watkins,1,14.2,4,2,4,0.5,0,1,0,0,0,0,0,1,1,0,0,3,0,2,-7,25.7,2.57,0,0,1,3,0,0,0,2,
Jarkel Joiner,1,4.5,4,2,2,1,0,0,0,0,1,0,0,2,2,1,0,0,0,1,9,29.5,2.95,1,0,2,0,0,1,0,1,
John Poulakidas,1,13.3,4,2,9,0.222,0,6,0,0,1,0,0,1,1,1,0,1,0,2,0,41.522,4.1522,1,0,1,1,0,1,0,2,
Kira Lewis Jr.,1,26,4,1,6,0.167,0,2,0,2,2,1,0,5,5,7,1,0,0,3,-6,59.167,5.9167,7,1,5,0,0,2,0,3,
Quincy Guerrier,1,6.4,4,1,1,1,0,0,0,2,2,1,0,0,0,0,0,0,0,1,7,26.4,2.64,0,0,0,0,0,2,0,1,
Steven Ashworth,2,9.1,4,1,2.5,0.4,0.5,2,0.25,1.5,1.5,1,0,0.5,0.5,1.5,3.5,0.5,0,1.5,-9,22.75,2.275,0.75,1.75,0.25,0.25,0,0.75,0.25,0.75,
William Hickey,1,4.5,4,0,1,0,0,0,0,4,4,1,2,1,3,0,1,0,0,2,-9,18.5,1.85,0,1,3,0,0,4,0,2,
Carter Bryant,2,22.9,3.5,0.5,6.5,0.077,0.5,4.5,0.111,2,2,1,0.5,3,3.5,1.5,3,0.5,2,3,12,72.588,7.2588,0.75,1.5,1.75,0.25,1,1,0.25,1.5,
Hunter Dickinson,2,12.1,3.5,1.5,2.5,0.6,0,0.5,0,0.5,1.5,0.333,0.5,2,2.5,1.5,1.5,0.5,1.5,2,3,38.033,3.8033,0.75,0.75,1.25,0.25,0.75,0.75,0,1,
Olivier Nkamhoua,2,12.1,3.5,1.5,3.5,0.429,0.5,1.5,0.333,0,0,0,1,0.5,1.5,1,1,0,0,0.5,-2,26.862,2.6862,0.5,0.5,0.75,0,0,0,0.25,0.25,
Yuki Kawamura,2,20.5,3.5,1,5,0.2,1,4.5,0.222,0.5,1,0.5,0,2,2,3.5,4,2,0,3.5,-19,35.922,3.5922,1.75,2,1,1,0,0.5,0.5,1.75,
Andrew Funk,1,13.8,3,1,2,0.5,1,2,0.5,0,0,0,0,0,0,2,0,0,0,1,4,30.8,3.08,2,0,0,0,0,0,1,1,
Ben Saraf,1,17.6,3,1,5,0.2,0,1,0,1,2,0.5,1,0,1,2,2,0,0,2,-11,28.3,2.83,2,2,1,0,0,2,0,2,
Caleb Daniels,1,11.5,3,0,2,0,0,2,0,3,4,0.75,0,1,1,0,0,0,0,2,-15,15.25,1.525,0,0,1,0,0,4,0,2,
Chris Ledlum,1,14.8,3,1,2,0.5,1,1,1,0,0,0,1,2,3,1,2,0,0,2,-3,32.3,3.23,1,2,3,0,0,0,1,2,
DaJaun Gordon,2,13.3,3,1,5.5,0.182,1,3,0.333,0,0,0,2,1.5,3.5,0.5,1,1.5,0,2,-7,32.315,3.2315,0.25,0.5,1.75,0.75,0,0,0.5,1,
David Muoka,2,14.6,3,1,3.5,0.286,0,0,0,1,1.5,0.667,1,2,3,1,1,1,0,1,-18,17.553,1.7553,0.5,0.5,1.5,0.5,0,0.75,0,0.5,
Donovan Williams,1,13,3,1,4,0.25,0,1,0,1,2,0.5,2,3,5,1,0,2,3,1,0,42.75,4.275,1,0,5,2,3,2,0,1,
Isaiah Mobley,1,24.7,3,0,9,0,0,4,0,3,4,0.75,0,5,5,4,5,0,0,6,-2,71.45,7.145,4,5,5,0,0,4,0,6,
Izan Almansa,2,4.4,3,1,1,1,0,0,0,1,1,1,0,0.5,0.5,0,0.5,0.5,0,0.5,-7,8.9,0.89,0,0.25,0.25,0.25,0,0.5,0,0.25,
Keyontae Johnson,1,12.4,3,1,3,0.333,0,1,0,1,2,0.5,1,1,2,2,0,0,0,3,-4,29.233,2.9233,2,0,2,0,0,2,0,3,
Leaky Black,1,9.4,3,0,3,0,0,3,0,3,4,0.75,0,3,3,1,2,1,0,2,-5,33.15,3.315,1,2,3,1,0,4,0,2,
Markquis Nowell,2,15.2,3,1,2.5,0.4,0.5,1.5,0.333,0.5,1,0.5,0.5,1,1.5,5,1.5,1.5,0,0.5,-3,34.933,3.4933,2.5,0.75,0.75,0.75,0,0.5,0.25,0.25,
Miller Kopp,1,11.1,3,1,3,0.333,1,3,0.333,0,0,0,0,0,0,0,0,0,0,3,-4,21.766,2.1766,0,0,0,0,0,0,1,3,
Moussa Cisse,2,14.6,3,1.5,3.5,0.429,0,0,0,0,0,0,2,2,4,0,0.5,0.5,1,2.5,-10,25.529,2.5529,0,0.25,2,0.25,0.5,0,0,1.25,
Rocco Zikarsky,2,6.5,3,1.5,2,0.75,0,0,0,0,0,0,1,1.5,2.5,0.5,0.5,0.5,0.5,1.5,1,23.25,2.325,0.25,0.25,1.25,0.25,0.25,0,0,0.75,
Taevion Kinsey,2,8.4,3,1.5,2,0.75,0,0.5,0,0,0,0,0.5,1,1.5,0,0,1,0,0.5,-1,19.65,1.965,0,0,0.75,0.5,0,0,0,0.25,
Tyreke Key,1,4.5,3,1,1,1,1,1,1,0,0,0,0,0,0,0,0,0,0,0,9,22.5,2.25,0,0,0,0,0,0,1,0,
Bogoljub Marković,2,11.4,2.5,0.5,2.5,0.2,0.5,2,0.25,1,2,0.5,0.5,0.5,1,0.5,1,0,0,2,-8,20.85,2.085,0.25,0.5,0.5,0,0,1,0.25,1,
Damion Baugh,2,10.9,2.5,1,3,0.333,0,0.5,0,0.5,2,0.25,0,0.5,0.5,1,1,0.5,0.5,1.5,2,28.483,2.8483,0.5,0.5,0.25,0.25,0.25,1,0,0.75,
Jamarion Sharp,2,17.8,2.5,1,1.5,0.667,0,0,0,0.5,1,0.5,1.5,3,4.5,0,1.5,0.5,1.5,2,3,42.967,4.2967,0,0.75,2.25,0.25,0.75,0.5,0,1,
Sean Pedulla,2,11.7,2.5,1,4,0.25,0.5,1.5,0.333,0,0,0,0,2.5,2.5,1.5,0.5,1,0,1.5,6,37.283,3.7283,0.75,0.25,1.25,0.5,0,0,0.25,0.75,
Trey Alexander,2,16.2,2.5,0.5,4,0.125,0,1,0,1.5,2,0.75,0,1,1,1,1.5,0,0,1,-5,29.075,2.9075,0.5,0.75,0.5,0,0,1,0,0.5,
Andrew Carr,2,10.1,2,1,2.5,0.4,0,1,0,0,0,0,0.5,2.5,3,0.5,0.5,0,0.5,1,-1,24.5,2.45,0.25,0.25,1.5,0,0.25,0,0,0.5,
Blake Hinson,1,8.9,2,1,6,0.167,0,5,0,0,0,0,0,0,0,0,2,0,1,1,-13,14.067,1.4067,0,2,0,0,1,0,0,1,
Christian Shumate,1,13.2,2,1,2,0.5,0,0,0,0,0,0,2,1,3,1,2,1,0,1,-2,27.7,2.77,1,2,3,1,0,0,0,1,
Chucky Hepburn,1,14,2,1,5,0.2,0,4,0,0,0,0,1,2,3,4,1,1,0,4,7,49.2,4.92,4,1,3,1,0,0,0,4,
Clifford Omoruyi,1,4.5,2,0,0,0,0,0,0,2,4,0.5,0,0,0,1,0,0,1,1,9,25,2.5,1,0,0,0,1,4,0,1,
Dwight Murray Jr.,1,9.9,2,1,4,0.25,0,0,0,0,0,0,0,1,1,3,0,0,0,1,-6,17.15,1.715,3,0,1,0,0,0,0,1,
Erik Reynolds II,2,8.3,2,1,2.5,0.4,0,1.5,0,0,0.5,0,0,0,0,0,0.5,0,0,0.5,-10,7.2,0.72,0,0.25,0,0,0,0.25,0,0.25,
Great Osobor,1,4,2,1,1,1,0,0,0,0,2,0,0,2,2,0,1,1,0,0,7,24,2.4,0,1,2,1,0,2,0,0,
Isaiah Wong,1,8.5,2,1,4,0.25,0,2,0,0,0,0,0,1,1,0,0,0,0,0,5,24.75,2.475,0,0,1,0,0,0,0,0,
Kobe Johnson,1,15.4,2,1,3,0.333,0,1,0,0,0,0,2,1,3,0,2,1,0,1,-14,18.733,1.8733,0,2,3,1,0,0,0,1,
Kylor Kelley,1,22.6,2,1,4,0.25,0,0,0,0,0,0,1,9,10,0,2,1,0,5,-12,45.85,4.585,0,2,10,1,0,0,0,5,
Landers Nolley II,1,5.8,2,0,0,0,0,0,0,2,2,1,0,0,0,2,0,0,0,0,-7,7.8,0.78,2,0,0,0,0,2,0,0,
Luka Scuka,1,9,2,1,4,0.25,0,1,0,0,2,0,0,1,1,1,0,0,0,2,-2,22.25,2.225,1,0,1,0,0,2,0,2,
Marques Bolden,1,9,2,0,3,0,0,2,0,2,2,1,1,0,1,0,0,0,1,1,-16,9,0.9,0,0,1,0,1,2,0,1,
Max Abmas,1,16.2,2,1,6,0.167,0,2,0,0,0,0,0,0,0,0,1,2,0,3,-5,28.367,2.8367,0,1,0,2,0,0,0,3,
Saint Thomas,2,4.4,2,1,2,0.5,0,0.5,0,0,0,0,0.5,0.5,1,0,0,0,0,0.5,-8,4.9,0.49,0,0,0.5,0,0,0,0,0.25,
TJ Bamba,1,12.5,2,0,7,0,0,4,0,2,2,1,1,0,1,0,1,2,0,2,-4,33.5,3.35,0,1,1,2,0,2,0,2,
Trey Jemison III,1,11.4,2,1,1,1,0,0,0,0,0,0,1,2,3,2,2,1,0,1,1,29.4,2.94,2,2,3,1,0,0,0,1,
Wendell Moore Jr.,1,15.7,2,0,4,0,0,1,0,2,4,0.5,1,3,4,0,0,0,1,2,-2,38.2,3.82,0,0,4,0,1,4,0,2,
Zack Austin,1,10.2,2,0,2,0,0,2,0,2,2,1,0,0,0,0,0,1,0,0,-9,13.2,1.32,0,0,0,1,0,2,0,0,
Justin McKoy,2,5.5,1.5,0,1.5,0,0,1,0,1.5,2,0.75,0,0.5,0.5,0,0,0.5,0,0.5,3,18.75,1.875,0,0,0.25,0.25,0,1,0,0.25,
Nate Hinton,2,11.5,1.5,0.5,5,0.1,0.5,2.5,0.2,0,0,0,1,2,3,0,0,0.5,0.5,3.5,-7,25.3,2.53,0,0,1.5,0.25,0.25,0,0.25,1.75,
Chase Hunter,2,12.2,1,0.5,4.5,0.111,0,2,0,0,0,0,0.5,2,2.5,1,2.5,0.5,0,1.5,1,31.811,3.1811,0.5,1.25,1.25,0.25,0,0,0,0.75,
Ibrahima Diallo,2,9.4,1,0.5,1,0.5,0,0,0,0,1,0,0,2.5,2.5,1,1.5,0,1,1.5,12,35.4,3.54,0.5,0.75,1.25,0,0.5,0.5,0,0.75,
Jeremy Jones,2,13.1,1,0.5,4,0.125,0,3,0,0,0,0,0.5,1,1.5,0.5,0.5,0.5,0,0,4,30.225,3.0225,0.25,0.25,0.75,0.25,0,0,0,0,
John Ukomadu,1,15.5,1,0,4,0,0,3,0,1,2,0.5,1,1,2,0,1,0,1,5,4,42,4.2,0,1,2,0,1,2,0,5,
Julian Reese,1,7.7,1,0,1,0,0,0,0,1,2,0.5,1,1,2,1,2,0,0,2,-4,18.2,1.82,1,2,2,0,0,2,0,2,
Moses Brown,1,2.7,1,0,0,0,0,0,0,1,2,0.5,1,2,3,0,0,0,0,1,2,16.2,1.62,0,0,3,0,0,2,0,1,
Stefan Todorovic,1,6.7,1,0,2,0,0,0,0,1,2,0.5,0,1,1,0,1,0,0,0,-8,8.2,0.82,0,1,1,0,0,2,0,0,
Yanic Konan Niederhäuser,1,26.4,1,0,4,0,0,1,0,1,2,0.5,2,8,10,0,2,2,4,4,-2,65.9,6.59,0,2,10,2,4,2,0,4,
Alondes Williams,1,15.2,0,0,2,0,0,2,0,0,0,0,0,1,1,1,1,0,0,1,-1,23.2,2.32,1,1,1,0,0,0,0,1,
Anton Watson,1,5.2,0,0,1,0,0,1,0,0,0,0,1,0,1,2,0,0,0,0,-3,8.2,0.82,2,0,1,0,0,0,0,0,
Biwali Bayles,1,2.8,0,0,1,0,0,1,0,0,0,0,0,0,0,0,0,0,1,1,3,9.8,0.98,0,0,0,0,1,0,0,1,
Buddy Boeheim,2,8.5,0,0,3.5,0,0,3.5,0,0,0,0,0,0.5,0.5,0.5,0,0,0,0.5,-8,9.5,0.95,0.25,0,0.25,0,0,0,0,0.25,
Cameron Brown,2,13,0,0,1,0,0,0.5,0,0,0,0,0,2,2,0.5,0,1,0.5,1.5,-13,9,0.9,0.25,0,1,0.5,0.25,0,0,0.75,
Cameron Matthews,1,19.8,0,0,1,0,0,0,0,0,0,0,1,2,3,1,0,2,0,4,-7,26.8,2.68,1,0,3,2,0,0,0,4,
Cesare Edwards,1,4.2,0,0,1,0,0,1,0,0,0,0,0,1,1,1,0,0,1,1,-4,7.2,0.72,1,0,1,0,1,0,0,1,
Chris Manon,1,14.7,0,0,4,0,0,1,0,0,2,0,1,2,3,0,3,0,1,3,0,34.7,3.47,0,3,3,0,1,2,0,3,
D.J. Rodman,1,1.8,0,0,0,0,0,0,0,0,0,0,0,0,0,1,0,0,0,1,3,6.8,0.68,1,0,0,0,0,0,0,1,
Dane Goodwin,1,9.1,0,0,0,0,0,0,0,0,0,0,0,0,0,0,0,0,0,0,-9,0.1,0.01,0,0,0,0,0,0,0,0,
Dillon Jones,1,8.7,0,0,2,0,0,2,0,0,0,0,0,1,1,0,1,0,0,2,-7,10.7,1.07,0,1,1,0,0,0,0,2,
Dylan Cardwell,2,10.3,0,0,1,0,0,0,0,0,0,0,0.5,2,2.5,0,0.5,0,0.5,2,2,21.3,2.13,0,0.25,1.25,0,0.25,0,0,1,
Efton Reid III,1,1.3,0,0,1,0,0,0,0,0,0,0,0,0,0,0,0,0,0,0,-6,-3.7,-0.37,0,0,0,0,0,0,0,0,
Jaden Springer,1,16.8,0,0,2,0,0,1,0,0,0,0,1,2,3,1,1,0,0,2,-18,11.8,1.18,1,1,3,0,0,0,0,2,
Jahmyl Telfort,1,3.8,0,0,0,0,0,0,0,0,0,0,0,0,0,0,0,0,0,1,-3,1.8,0.18,0,0,0,0,0,0,0,1,
Jalen Hood-Schifino,1,21.1,0,0,4,0,0,1,0,0,0,0,1,1,2,0,1,1,0,6,-19,19.1,1.91,0,1,2,1,0,0,0,6,
Jalen Slawson,1,14.4,0,0,1,0,0,0,0,0,0,0,0,1,1,2,4,2,2,0,-5,22.4,2.24,2,4,1,2,2,0,0,0,
Jaxson Robinson,2,9.9,0,0,2,0,0,2,0,0,0,0,0,0,0,1,0.5,0,0,1,1,17.4,1.74,0.5,0.25,0,0,0,0,0,0.5,
Josh Uduje,1,6.3,0,0,1,0,0,0,0,0,0,0,0,0,0,1,1,0,0,0,10,19.3,1.93,1,1,0,0,0,0,0,0,
Kadin Shedrick,1,9.7,0,0,2,0,0,0,0,0,0,0,2,0,2,2,0,2,1,5,-3,22.7,2.27,2,0,2,2,1,0,0,5,
Keisei Tominaga,1,1.8,0,0,1,0,0,1,0,0,0,0,0,0,0,0,0,0,1,1,0,5.8,0.58,0,0,0,0,1,0,0,1,
Kerwin Walton,2,3.1,0,0,1,0,0,1,0,0,0,0,0,0,0,0,0,0,0,0.5,-4,1.6,0.16,0,0,0,0,0,0,0,0.25,
Khalif Battle,1,14.2,0,0,2,0,0,1,0,0,0,0,0,1,1,1,2,1,0,1,9,33.2,3.32,1,2,1,1,0,0,0,1,
Lance Ware,1,2.9,0,0,0,0,0,0,0,0,2,0,0,0,0,0,0,0,0,0,3,7.9,0.79,0,0,0,0,0,2,0,0,
Liam Robbins,1,4.8,0,0,1,0,0,1,0,0,0,0,0,1,1,0,0,0,0,1,-1,8.8,0.88,0,0,1,0,0,0,0,1,
Marcus Williams,1,12.4,0,0,3,0,0,2,0,0,0,0,1,0,1,0,0,0,1,1,0,21.4,2.14,0,0,1,0,1,0,0,1,
Mylik Wilson,1,1.4,0,0,0,0,0,0,0,0,0,0,0,1,1,0,0,0,0,1,1,5.4,0.54,0,0,1,0,0,0,0,1,
Nate Santos,1,10.3,0,0,2,0,0,1,0,0,0,0,0,4,4,1,1,0,0,1,-1,23.3,2.33,1,1,4,0,0,0,0,1,
Nathan Mensah,1,7,0,0,1,0,0,0,0,0,0,0,1,1,2,0,1,0,0,4,-1,16,1.6,0,1,2,0,0,0,0,4,
Noah Farrakhan,1,3.9,0,0,0,0,0,0,0,0,0,0,0,0,0,0,0,0,0,2,1,6.9,0.69,0,0,0,0,0,0,0,2,
Romeo Weems,1,3.8,0,0,1,0,0,1,0,0,0,0,0,0,0,0,0,0,0,1,-7,-0.2,-0.02,0,0,0,0,0,0,0,1,
TY Johnson,1,16.4,0,0,6,0,0,3,0,0,0,0,1,5,6,3,0,0,2,3,21,66.4,6.64,3,0,6,0,2,0,0,3,
Tyson Degenhart,1,4.5,0,0,0,0,0,0,0,0,0,0,0,1,1,0,0,0,0,3,9,18.5,1.85,0,0,1,0,0,0,0,3,
Yudai Baba,1,1.5,0,0,1,0,0,0,0,0,0,0,2,0,2,0,0,0,0,0,2,8.5,0.85,0,0,2,0,0,0,0,0,