Player,MSR,MIN,PTS,FGM,FGA,FG%,3PTM,3PA,3P%,FTM,FTA,FT%,OREB,DREB,REB,AST,TOV,STL,BLK,PF,Plus Minus,AST/G,TOV/G,REB/G,STL/G,BLK/G,FTA/G,3PM/G,PF/G,Euro Archetype Tag
Kyle Filipowski,13.1003,27.1,26.5,10.5,19,0.553,2,7.5,0.267,3.5,6,0.583,1,5,6,3,2.5,0,1,8,1,1.5,1.25,3,0,0.5,3,1,4,
Drew Timme,11.3922,30.5,26,11.5,18.5,0.622,1.5,5,0.3,1.5,3,0.5,1.5,5.5,7,2,1,1,0.5,2.5,-6,1,0.5,3.5,0.5,0.25,1.5,0.75,1.25,
Quenton Jackson,9.66,25.8,24,8,10,0.8,1,1,1,7,7,1,0,0,0,3,2,2,0,4,-1,3,2,0,2,0,7,1,4,
Reed Sheppard,11.9482,30.6,23,8,22,0.364,3.5,11,0.318,3.5,5,0.7,0,5.5,5.5,2.5,4.5,4,1.5,3,-15,1.25,2.25,2.75,2,0.75,2.5,1.75,1.5,3&D Wing
David Jones-Garcia,11.7005,22.7,22.5,8.5,13.5,0.63,3.5,4,0.875,2,2.5,0.8,1.5,3.5,5,4,4,2,0,1.5,14,2,2,2.5,1,0,1.25,1.75,0.75,3&D Wing
Jordan Miller,12.8355,33.2,22,7,15.5,0.452,2.5,7,0.357,5.5,6.5,0.846,2,4,6,2.5,3,1.5,0.5,4,4,1.25,1.5,3,0.75,0.25,3.25,1.25,2,
Patrick Baldwin Jr.,12.85,25.6,22,8,16,0.5,4,10,0.4,2,2,1,2,11,13,0,5,3,1,4,-2,0,5,13,3,1,2,4,4,Stretch Big / Rim Protector
Terrence Shannon Jr.,13.4428,29.8,22,7,16.5,0.424,3.5,11.5,0.304,4.5,5,0.9,1,5.5,6.5,6,1.5,1.5,0,2,9,3,0.75,3.25,0.75,0,2.5,1.75,1,
A.J. Lawson,11.4584,22.2,21.5,6,10,0.6,3,5,0.6,6.5,9.5,0.684,2,3.5,5.5,2.5,1,2,1,1.5,10,1.25,0.5,2.75,1,0.5,4.75,1.5,0.75,3&D Wing
Cody Williams,11.7354,31.3,21.5,8,18,0.444,2,8.5,0.235,3.5,4,0.875,1,4.5,5.5,2.5,2,2,0,4.5,-3,1.25,1,2.75,1,0,2,1,2.25,
Cole Swider,13.1831,29.2,21.5,7,13.5,0.519,5,9,0.556,2.5,4.5,0.556,2,8,10,2.5,1.5,0.5,0,3.5,10,1.25,0.75,5,0.25,0,2.25,2.5,1.75,
Kevin McCullar Jr.,9.9934,27.8,21.5,7.5,14.5,0.517,1,5,0.2,5.5,6,0.917,2,3,5,2,4.5,1.5,0,5.5,-14,1,2.25,2.5,0.75,0,3,0.5,2.75,
Ronald Holland II,13.3775,28,21.5,6.5,12,0.542,3,5.5,0.545,5.5,8,0.688,1.5,4.5,6,2.5,2.5,3,0.5,3.5,18,1.25,1.25,3,1.5,0.25,4,1.5,1.75,3&D Wing
Cam Christie,12.3562,33.4,21,6,13,0.462,3,7.5,0.4,6,7.5,0.8,1,3.5,4.5,2.5,3,1.5,0,1.5,7,1.25,1.5,2.25,0.75,0,3.75,1.5,0.75,
Javon Freeman-Liberty,9.2827,28.3,21,5.5,12,0.458,1,3.5,0.286,9,11.5,0.783,0.5,2,2.5,1,2.5,1,0.5,2.5,-13,0.5,1.25,1.25,0.5,0.25,5.75,0.5,1.25,
Nae'Qwan Tomlin,12.3172,26.4,21,8.3,12.7,0.658,2.7,5.3,0.5,1.7,2.3,0.714,3.3,4,7.3,4,2.3,2,0.7,5.3,12,1.333333333,0.7666666667,2.433333333,0.6666666667,0.2333333333,0.7666666667,0.9,1.766666667,
Walter Clayton Jr.,11.7571,27.2,21,8,17,0.471,4,10,0.4,1,2,0.5,0,6,6,3,2,0,1,6,2,3,2,6,0,1,2,4,6,Stretch Big / Rim Protector
Cooper Flagg,11.5542,31.4,20.5,7.5,21,0.357,1.5,7,0.214,4,7,0.571,0,5,5,2.5,1.5,1.5,0.5,1.5,-3,1.25,0.75,2.5,0.75,0.25,3.5,0.75,0.75,
Daniss Jenkins,11.5534,22.2,20.5,7,10.5,0.667,3,4.5,0.667,3.5,3.5,1,0,2.5,2.5,4.5,1,1.5,1.5,3,22,2.25,0.5,1.25,0.75,0.75,1.75,1.5,1.5,
Chris Livingston,10.8642,28.7,20,7,14,0.5,2,5.3,0.375,4,6,0.667,1.3,4,5.3,2.7,1.7,0.7,0.7,2.7,1,0.9,0.5666666667,1.766666667,0.2333333333,0.2333333333,2,0.6666666667,0.9,
Chris Youngblood,12.3818,23.9,20,7,11,0.636,4,6.5,0.615,2,3,0.667,2,1.5,3.5,1.5,2,1.5,0,1.5,31,0.75,1,1.75,0.75,0,1.5,2,0.75,
KJ Simpson,11.3894,29.4,20,7,15.5,0.452,3,8,0.375,3,4.5,0.667,1.5,3.5,5,4.5,3.5,2,0,3,-1,2.25,1.75,2.5,1,0,2.25,1.5,1.5,3&D Wing
Jaylon Tyson,12.5465,29.6,19.7,6.3,15.7,0.404,2.7,7.7,0.348,4.3,5.3,0.813,2.3,3.7,6,6.7,4,1.3,1.3,4.3,3,2.233333333,1.333333333,2,0.4333333333,0.4333333333,1.766666667,0.9,1.433333333,
Kobe Bufkin,12.8216,26.8,19.5,4.5,16.5,0.273,1,7,0.143,9.5,9.5,1,0.5,4,4.5,6,1,0.5,1,4,11,3,0.5,2.25,0.25,0.5,4.75,0.5,2,
Tre Johnson,9.5138,27.5,19.5,7,12,0.583,2.5,5.5,0.455,3,5,0.6,1,2,3,1.5,2.5,1,0,1.5,-1,0.75,1.25,1.5,0.5,0,2.5,1.25,0.75,
Cameron McGriff,11.1222,35.3,19,7,15,0.467,5,11,0.455,0,0,0,0,5,5,3,1,2,0,5,-3,3,1,5,2,0,0,5,5,
Devin Carter,11.5849,26.7,19,6,13.5,0.444,2.5,5.5,0.455,4.5,6,0.75,0.5,5,5.5,2.5,2.5,2.5,0.5,3.5,8,1.25,1.25,2.75,1.25,0.25,3,1.25,1.75,3&D Wing
Tristan da Silva,10.0285,28.1,18.5,7,14,0.5,2.5,6.5,0.385,2,2.5,0.8,1.5,4.5,6,3,4.5,1,1,5,-9,1.5,2.25,3,0.5,0.5,1.25,1.25,2.5,
Caleb Love,10.5216,26.4,18,7,18.5,0.378,3.5,8,0.438,0.5,1,0.5,0,3.5,3.5,1.5,2,0.5,0.5,2.5,7,0.75,1,1.75,0.25,0.25,0.5,1.75,1.25,
Charles Bassey,11.355,20.3,18,7.5,10,0.75,0,0,0,3,3,1,5.5,6.5,12,0.5,2,1,2.5,2,18,0.25,1,6,0.5,1.25,1.5,0,1,Stretch Big / Rim Protector
Jaylen Wells,9.9441,25.3,18,5,13,0.385,2,6,0.333,6,6.5,0.923,1,4,5,3,2,1.5,0.5,4,-5,1.5,1,2.5,0.75,0.25,3.25,1,2,
Liam McNeeley,11.3825,29.1,18,5.5,13.5,0.407,3,7,0.429,4,4.5,0.889,3,5.5,8.5,4,1.5,0.5,0,1.5,3,2,0.75,4.25,0.25,0,2.25,1.5,0.75,
M.J. Walker Jr.,8.8634,18.3,18,6,9,0.667,6,9,0.667,0,0,0,1,2,3,1,1,0,0,3,10,1,1,3,0,0,0,6,3,
Nique Clifford,11.3291,26.6,18,6.5,12.5,0.52,2,3.5,0.571,3,5,0.6,1.5,6.5,8,4,3,1.5,0.5,4.5,5,2,1.5,4,0.75,0.25,2.5,1,2.25,
Tidjane Salaün,10.3175,27.8,18,5.5,11.5,0.478,1.5,6,0.25,5.5,8.5,0.647,2,4.5,6.5,1.5,2,0,1,4,-4,0.75,1,3.25,0,0.5,4.25,0.75,2,
Kennedy Chandler,9.6362,25,17.5,6,14,0.429,1,3,0.333,4.5,7.5,0.6,2,2,4,3,1.5,1.5,1,2.5,-1,1.5,0.75,2,0.75,0.5,3.75,0.5,1.25,
Enrique Freeman,10.1621,26.7,17,4.5,7,0.643,1,2,0.5,7,9,0.778,3.5,5.5,9,1.5,2,1,2,3,-2,0.75,1,4.5,0.5,1,4.5,0.5,1.5,
Jacob Toppin,11.1719,27.1,17,6.5,11.5,0.565,1.5,3.5,0.429,2.5,4,0.625,3.5,5.5,9,1,1,0.5,0,1,15,0.5,0.5,4.5,0.25,0,2,0.75,0.5,
Koby Brea,8.4942,26.3,17,6.5,12,0.542,3,5,0.6,1,1,1,0.5,4,4.5,1,3.5,1,0,1.5,-5,0.5,1.75,2.25,0.5,0,0.5,1.5,0.75,
Kyshawn George,11.5814,31.5,17,7,17,0.412,2,8.5,0.235,1,1.5,0.667,1.5,6.5,8,4.5,3.5,4,0,5,-4,2.25,1.75,4,2,0,0.75,1,2.5,
Matas Buzelis,8.3536,25,17,4,14,0.286,2,8,0.25,7,7,1,0,5,5,1,4,1,2,3,-23,1,4,5,1,2,7,2,3,
Ryan Dunn,10.8383,28.9,17,7,12,0.583,2,5,0.4,1,2,0.5,1,4,5,4,1,2,0,2,13,4,1,5,2,0,2,2,2,3&D Wing
Ajay Mitchell,12.8019,27,16.5,5,12,0.417,1.5,4.5,0.333,5,6.5,0.769,1,4.5,5.5,4.5,6.5,1.5,0.5,4.5,20,2.25,3.25,2.75,0.75,0.25,3.25,0.75,2.25,
Jamaree Bouyea,8.6848,23.4,16.5,6.5,14.5,0.448,3.5,7,0.5,0,0,0,1,2.5,3.5,4,0,2.5,0.5,1.5,-1,2,0,1.75,1.25,0.25,0,1.75,0.75,3&D Wing
Jase Richardson,8.9865,23.4,16.5,5,9,0.556,1.5,3,0.5,5,5.5,0.909,0,1.5,1.5,2.5,1,0.5,1,4,7,1.25,0.5,0.75,0.25,0.5,2.75,0.75,2,
Judah Mintz,8.3892,27.1,16.5,3.5,10,0.35,0.5,2,0.25,9,13,0.692,0.5,2,2.5,3.5,0.5,0.5,0,3.5,-12,1.75,0.25,1.25,0.25,0,6.5,0.25,1.75,
Maxime Raynaud,10.0171,27.8,16.5,7,13,0.538,1.5,4.5,0.333,1,1,1,2,3.5,5.5,2,0.5,1,0,4.5,7,1,0.25,2.75,0.5,0,0.5,0.75,2.25,
Cam Spencer,9.4817,27,16,5,12,0.417,2,5,0.4,4,4,1,1.5,2,3.5,3,2.5,0.5,0,4,1,1.5,1.25,1.75,0.25,0,2,1,2,
Dylan Harper,9.5874,19.6,16,5,12,0.417,0,4,0,6,7,0.857,1,5,6,2,2,2,1,5,1,2,2,6,2,1,7,0,5,Stretch Big / Rim Protector
GG Jackson,9.0389,29,16,5,10,0.5,1,3,0.333,5,9,0.556,1,3,4,2,2,0,0,2,-3,2,2,4,0,0,9,1,2,
Jalen Bridges,9.0333,22.9,16,6,10,0.6,2,6,0.333,2,4,0.5,1,4,5,0,0,2,2,2,4,0,0,5,2,2,4,2,2,3&D Wing
Alex Sarr,10.553,29.6,15.5,6,12.5,0.48,0.5,2.5,0.2,3,4,0.75,2.5,5.5,8,2,4,0.5,5.5,1.5,1,1,2,4,0.25,2.75,2,0.25,0.75,
Kel'el Ware,7.9336,26.7,15.5,6,11.5,0.522,1,2.5,0.4,2.5,3.5,0.714,2.5,5,7.5,0,1,1,2,3.5,-14,0,0.5,3.75,0.5,1,1.75,0.5,1.75,
Tolu Smith,12.3333,24.6,15.5,5,10,0.5,0,0,0,5.5,7.5,0.733,6,5.5,11.5,3,2.5,0.5,1.5,4.5,19,1.5,1.25,5.75,0.25,0.75,3.75,0,2.25,
Antonio Reeves,6.725,22.5,15,5.5,11,0.5,0.5,2,0.25,3.5,3.5,1,1.5,2,3.5,0,0,2,0,2,-9,0,0,1.75,1,0,1.75,0.25,1,3&D Wing
Dalton Knecht,9.5604,25.8,15,6,16,0.375,3,7,0.429,0,0,0,2,2,4,2,0,1,0,1,10,2,0,4,1,0,0,3,1,3&D Wing
Gabe Madsen,6.1507,12.6,15,5,8,0.625,4,6.5,0.615,1,1.5,0.667,1,0,1,0.5,1.5,1,0,0,1,0.25,0.75,0.5,0.5,0,0.75,2,0,
Jordan Walsh,10.5864,26,15,4,11,0.364,2,6,0.333,5,7.5,0.667,0.5,3,3.5,2,2.5,0.5,0,4,12,1,1.25,1.75,0.25,0,3.75,1,2,
Kasparas Jakučionis,7.8884,26.4,15,4.5,8.5,0.529,2.5,5.5,0.455,3.5,3.5,1,0,3,3,3,2.5,1.5,0,3.5,-9,1.5,1.25,1.5,0.75,0,1.75,1.25,1.75,
Pelle Larsson,8.0997,27,15,3,8,0.375,1.5,4.5,0.333,7.5,9.5,0.789,0,2.5,2.5,2.5,4,1,0,2,-11,1.25,2,1.25,0.5,0,4.75,0.75,1,
Rob Dillingham,11.0562,29.8,15,5,14.5,0.345,2.5,6,0.417,2.5,2.5,1,0.5,3,3.5,7.5,5.5,2.5,0,1.5,7,3.75,2.75,1.75,1.25,0,1.25,1.25,0.75,3&D Wing
Jeremiah Fears,8.6873,27.6,14.5,4.5,16.5,0.273,1,5.5,0.182,4.5,5.5,0.818,0.5,1.5,2,1,5,1,0,6,-11,0.5,2.5,1,0.5,0,2.75,0.5,3,
Lester Quinones,8.3047,21.5,14.5,5,10.5,0.476,4,7,0.571,0.5,1,0.5,0,3.5,3.5,2,2,2,0,5.5,-1,1,1,1.75,1,0,0.5,2,2.75,
Oso Ighodaro,10.152,30.6,14.5,6,8.5,0.706,0,0,0,2.5,3.5,0.714,4,7.5,11.5,2.5,4,3,1,3,-2,1.25,2,5.75,1.5,0.5,1.75,0,1.5,
Pete Nance,9.2305,28,14.3,5.3,10.3,0.516,2,5.3,0.375,1.7,2.3,0.714,1,5.3,6.3,2,1.3,1.3,2,3.3,-1,0.6666666667,0.4333333333,2.1,0.4333333333,0.6666666667,0.7666666667,0.6666666667,1.1,
Armando Bacot,9.28,22.8,14,5.5,11,0.5,0,2,0,3,3,1,3.5,5.5,9,2,1.5,0.5,2.5,5.5,0,1,0.75,4.5,0.25,1.25,1.5,0,2.75,
Ja'Kobe Walter,9.5295,21.5,14,5,13.5,0.37,1.5,5,0.3,2.5,4,0.625,0.5,3,3.5,1,3.5,1.5,0.5,3.5,10,0.5,1.75,1.75,0.75,0.25,2,0.75,1.75,
Khaman Maluach,8.0302,21,14,5,13,0.385,1,6,0.167,3,4,0.75,1,4,5,1,2,1,2,2,-6,1,2,5,1,2,4,1,2,3&D Wing
Kobe Brown,7.6581,20.2,14,5,7,0.714,2,3,0.667,2,2,1,2,2,4,4,3,2,0,1,1,4,3,4,2,0,2,2,1,3&D Wing
Miles Kelly,8.2607,27.8,14,4.5,10,0.45,2.5,7,0.357,2.5,2.5,1,1,2,3,1,0.5,1.5,0.5,2.5,-2,0.5,0.25,1.5,0.75,0.25,1.25,1.25,1.25,
RayJ Dennis,9.2636,28.1,14,4.5,13,0.346,2,6,0.333,3,3.5,0.857,0.5,2.5,3,6.5,4.5,2,1,1,-4,3.25,2.25,1.5,1,0.5,1.75,1,0.5,3&D Wing
Sidy Cissoko,9.7899,24,14,5.5,10.5,0.524,1.5,4,0.375,1.5,1.5,1,0.5,4,4.5,2.5,3,2,0.5,4.5,12,1.25,1.5,2.25,1,0.25,0.75,0.75,2.25,
Trentyn Flowers,9.7641,24.1,14,5,8.5,0.588,1,3.5,0.286,3,4.5,0.667,1.5,3.5,5,1,4,1.5,0,4,12,0.5,2,2.5,0.75,0,2.25,0.5,2,
Tristan Enaruna,7.5137,20.8,14,5.7,8,0.708,1,2.3,0.429,1.7,3.3,0.5,1,1,2,2,0.7,1,0.3,0.7,8,0.6666666667,0.2333333333,0.6666666667,0.3333333333,0.1,1.1,0.3333333333,0.2333333333,
Dominick Barlow,7.19,22.1,13.5,6,10,0.6,0.5,2.5,0.2,1,1,1,4,3,7,1.5,1,1.5,0,2.5,-7,0.75,0.5,3.5,0.75,0,0.5,0.25,1.25,
Jonathan Mogbo,9.0356,22.9,13.5,6,8.5,0.706,0,0,0,1.5,2,0.75,2,3.5,5.5,1.5,2.5,2,0.5,1,16,0.75,1.25,2.75,1,0.25,1,0,0.5,
Asa Newell,10.5731,25.8,13,5,9,0.556,2.5,4,0.625,0.5,2,0.25,2,7.5,9.5,1,0.5,1,0.5,2.5,18,0.5,0.25,4.75,0.5,0.25,1,1.25,1.25,
James Bouknight,9.0536,21.9,13,3.5,5.5,0.636,1.5,3,0.5,4.5,4.5,1,0.5,5,5.5,4,2.5,1.5,1.5,0.5,10,2,1.25,2.75,0.75,0.75,2.25,0.75,0.25,
Kevon Harris,6.4107,22.5,13,4.5,9.5,0.474,1.5,5,0.3,2.5,3,0.833,1,1.5,2.5,2.5,1,2.5,0,2,-12,1.25,0.5,1.25,1.25,0,1.5,0.75,1,3&D Wing
Leonard Miller,9.0505,23.4,13,5.5,13,0.423,1,5.5,0.182,1,1,1,1,7,8,0.5,2.5,1.5,2.5,3.5,-1,0.25,1.25,4,0.75,1.25,0.5,0.5,1.75,
Rayan Rupert,9.645,23.7,13,3,6,0.5,1.5,2,0.75,5.5,5.5,1,1.5,4.5,6,3.5,2,2,0,3.5,11,1.75,1,3,1,0,2.75,0.75,1.75,3&D Wing
Tosan Evbuomwan,8.23,24.3,13,4,8,0.5,1,2,0.5,4,4,1,1,3,4,3,5,1,1,5,-3,3,5,4,1,1,4,1,5,
Tyson Etienne,7.7712,22.9,13,4.5,11.5,0.391,4,9.5,0.421,0,0,0,1.5,0.5,2,2.5,1.5,1.5,0,4,-2,1.25,0.75,1,0.75,0,0,2,2,
Derik Queen,9.6729,26.7,12.5,4.5,10.5,0.429,0.5,1,0.5,3,5,0.6,2.5,9,11.5,2,4.5,0.5,0.5,5,-4,1,2.25,5.75,0.25,0.25,2.5,0.25,2.5,
Hunter Tyson,8.6761,28.5,12.5,4.5,14,0.321,1.5,5.5,0.273,2,3,0.667,1,8,9,1,1,1,0,1,-8,0.5,0.5,4.5,0.5,0,1.5,0.75,0.5,
Isaiah Collier,8.3285,24.3,12.5,4.5,8.5,0.529,1,2.5,0.4,2.5,4.5,0.556,1,4.5,5.5,6.5,4.5,1.5,0,2,-4,3.25,2.25,2.75,0.75,0,2.25,0.5,1,
Jaylen Sims,7.57,20.2,12.5,4.5,6,0.75,0.5,1,0.5,3,4,0.75,2,2,4,1.5,1.5,2.5,0,1.5,7,0.75,0.75,2,1.25,0,2,0.25,0.75,3&D Wing
Nikola Topić,10.3204,25.9,12.5,4.5,12,0.375,1.5,3.5,0.429,2,2,1,1,1.5,2.5,8,3,1.5,0,3,17,4,1.5,1.25,0.75,0,1,0.75,1.5,
Adonis Arms,7.2338,20.1,12,4,7,0.571,0,3,0,4,6,0.667,0,3,3,1,2,1,1,0,4,1,2,3,1,1,6,0,0,
Chaz Lanier,9.4793,25.1,12,4.5,12.5,0.36,3,9,0.333,0,0,0,0.5,2,2.5,3,1,1,0.5,1.5,16,1.5,0.5,1.25,0.5,0.25,0,1.5,0.75,
Eli John Ndiaye,8.53,20.8,12,4,8,0.5,1,4,0.25,3,4,0.75,4,2,6,2,0,1,1,3,8,2,0,6,1,1,4,1,3,Stretch Big / Rim Protector
Hugo González,10.4333,28.2,12,4,12,0.333,3,5,0.6,1,5,0.2,2,2,4,5,3,1,2,3,11,5,3,4,1,2,5,3,3,
Jackson Rowe,3.9214,25,12,5,7,0.714,1,2,0.5,1,1,1,0,3,3,1,2,1,0,2,-29,1,2,3,1,0,1,1,2,3&D Wing
Jazian Gortman,5.2244,18.3,12,5.5,9,0.611,1,3,0.333,0,0,0,0,2,2,1.5,1.5,0,0,0.5,-5,0.75,0.75,1,0,0,0,0.5,0.25,
Nikola Đurišić,9.3029,25.5,12,4.5,8.5,0.529,0.5,1,0.5,2.5,2.5,1,0.5,2,2.5,2.5,2.5,1,0.5,5.5,17,1.25,1.25,1.25,0.5,0.25,1.25,0.25,2.75,
Pacôme Dadiet,5.3908,21.7,12,5.5,12,0.458,1,4,0.25,0,0.5,0,1,2.5,3.5,1,2,0,0.5,2,-16,0.5,1,1.75,0,0.25,0.25,0.5,1,
Phillip Wheeler,5.5184,18.6,12,3,4.5,0.667,0.5,1,0.5,5.5,6,0.917,1.5,0.5,2,0,1.5,0.5,1.5,3.5,-9,0,0.75,1,0.25,0.75,3,0.25,1.75,
Wendell Moore Jr.,6.3296,18.6,12,4.5,8.5,0.529,1,2,0.5,2,3,0.667,1,4,5,0,0.5,0.5,0.5,1.5,-3,0,0.25,2.5,0.25,0.25,1.5,0.5,0.75,
Cormac Ryan,6.9496,21.7,11.7,3.3,9.7,0.345,2,6,0.333,3,3.7,0.818,0,0.3,0.3,2,2,1.3,0.3,2.7,-2,0.6666666667,0.6666666667,0.1,0.4333333333,0.1,1.233333333,0.6666666667,0.9,
Brooks Barnhizer,10.1852,26.4,11.5,5,10.5,0.476,0.5,3.5,0.143,1,3,0.333,0.5,5.5,6,2.5,1.5,6.5,0.5,1.5,15,1.25,0.75,3,3.25,0.25,1.5,0.25,0.75,3&D Wing
DJ Steward,9.3192,24.3,11.5,4.5,14,0.321,2,3.5,0.571,0.5,0.5,1,2,3.5,5.5,4,2,1.5,0.5,1.5,10,2,1,2.75,0.75,0.25,0.25,1,0.75,
DaRon Holmes II,6.65,24.9,11.5,4.5,7.5,0.6,2.5,5,0.5,0,0,0,1,4,5,0.5,1,0,0.5,2.5,-5,0.25,0.5,2.5,0,0.25,0,1.25,1.25,
Kobe Sanders,6.6003,16.1,11.5,4.5,9.5,0.474,1.5,3.5,0.429,1,1,1,0.5,1,1.5,2,1.5,1,0,2,6,1,0.75,0.75,0.5,0,0.5,0.75,1,
Riley Minix,9.1171,25.2,11.5,4,8.5,0.471,3,6,0.5,0.5,0.5,1,1,4,5,1.5,1,0.5,0,3,14,0.75,0.5,2.5,0.25,0,0.25,1.5,1.5,
Ryan Nembhard,9.3842,31.8,11.5,4.5,12,0.375,0.5,3,0.167,2,2,1,0,2.5,2.5,6,4,1,0,4,5,3,2,1.25,0.5,0,1,0.25,2,
Taelon Peter,6.9342,25.3,11.5,5,7.5,0.667,1.5,4,0.375,0,0,0,0.5,2,2.5,1.5,1,1,0,1,4,0.75,0.5,1.25,0.5,0,0,0.75,0.5,
Tyrell Harrison,8.0343,23.7,11.5,4.5,7,0.643,0,0,0,2.5,5,0.5,3,3.5,6.5,1,1.5,1,1,1.5,6,0.5,0.75,3.25,0.5,0.5,2.5,0,0.75,
Tyrese Proctor,9.1564,27.4,11.3,3.7,12.3,0.297,2,6.7,0.3,2,3,0.667,0.7,2.3,3,3.7,1.3,1.3,0.3,2.3,7,1.233333333,0.4333333333,1,0.4333333333,0.1,1,0.6666666667,0.7666666667,
Alex Toohey,6.0077,23.8,11,3,10,0.3,1,4,0.25,4,5.5,0.727,2,2,4,1.5,1,2.5,0,2.5,-19,0.75,0.5,2,1.25,0,2.75,0.5,1.25,3&D Wing
Boogie Ellis,8.5442,21.4,11,3,8,0.375,3,4.5,0.667,2,2,1,1,2.5,3.5,3.5,3,2.5,0,3.5,9,1.75,1.5,1.75,1.25,0,1,1.5,1.75,3&D Wing
Bronny James,7.03,22.5,11,3.5,9.5,0.368,1,5.5,0.182,3,4,0.75,0.5,1,1.5,2.5,2.5,1,0.5,2.5,-3,1.25,1.25,0.75,0.5,0.25,2,0.5,1.25,
Isaac Jones,8.9818,27,11,3,6,0.5,0.5,1,0.5,4.5,5.5,0.818,2.5,3.5,6,2.5,2.5,1,0.5,3,8,1.25,1.25,3,0.5,0.25,2.75,0.25,1.5,
Mason Jones,8.2479,26.9,11,3,7,0.429,2,5,0.4,3,4,0.75,0.5,2.5,3,5.5,1,1,0,3.5,2,2.75,0.5,1.5,0.5,0,2,1,1.75,
Micah Peavy,5.8956,24.9,11,5,9,0.556,1,2,0.5,0,0,0,3,4,7,0,2,2,0,7,-20,0,2,7,2,0,0,1,7,
Norchad Omier,7.4533,19.6,11,4.7,9,0.519,0,0.7,0,1.7,2.3,0.714,4,4,8,0.7,3,1.3,0.3,5,-2,0.2333333333,1,2.666666667,0.4333333333,0.1,0.7666666667,0,1.666666667,
Vladislav Goldin,5.9733,13.4,11,5,5,1,0,0,0,1,3,0.333,1,0,1,1,3,0,0,0,14,1,3,1,0,0,3,0,0,
Will Richard,7.4258,23.3,11,4,8,0.5,0.5,4,0.125,2.5,3,0.833,2,3,5,1.5,1.5,3,1,2.5,-3,0.75,0.75,2.5,1.5,0.5,1.5,0.25,1.25,3&D Wing
Baylor Scheierman,10.7809,27.4,10.5,4,14.5,0.276,1,7.5,0.133,1.5,1.5,1,0.5,6,6.5,6,1.5,1.5,0,2.5,14,3,0.75,3.25,0.75,0,0.75,0.5,1.25,
Bub Carrington,8.7433,30.4,10.5,3,8,0.375,2,4.5,0.444,2.5,3.5,0.714,0.5,4,4.5,4,2.5,1.5,0,2.5,2,2,1.25,2.25,0.75,0,1.75,1,1.25,
Jaden Shackelford,6.7908,22.1,10.5,2.5,8.5,0.294,1.5,7,0.214,4,5,0.8,0,2,2,1.5,0.5,0,0,2.5,-3,0.75,0.25,1,0,0,2.5,0.75,1.25,
Osayi Osifo,7.6669,18.9,10.5,5,6.5,0.769,0,0,0,0.5,0.5,1,1.5,2.5,4,1.5,0,0.5,1,5,17,0.75,0,2,0.25,0.5,0.25,0,2.5,
Tamar Bates,6.5771,18.3,10.5,4.5,12.5,0.36,0.5,4.5,0.111,1,1,1,1.5,0,1.5,2,1.5,1.5,0,1.5,2,1,0.75,0.75,0.75,0,0.5,0.25,0.75,
Will Riley,5.7204,21.8,10.5,3.5,6,0.583,2,3.5,0.571,1.5,2,0.75,0,1.5,1.5,1.5,0.5,0,0,1.5,-2,0.75,0.25,0.75,0,0,1,1,0.75,
Yuri Collins,7.3,27.6,10.5,4,10,0.4,0,1,0,2.5,2.5,1,0.5,3.5,4,5,2,1,0.5,3,-6,2.5,1,2,0.5,0.25,1.25,0,1.5,
Zavier Simpson,9.0366,25.5,10.5,4,7.5,0.533,1,3,0.333,1.5,3,0.5,1.5,2,3.5,4.5,3.5,3.5,1.5,4,9,2.25,1.75,1.75,1.75,0.75,1.5,0.5,2,3&D Wing
Brice Williams,4.8277,13.5,10,4,9,0.444,2,6,0.333,0,0,0,1,1,2,2,1,0,1,1,-6,2,1,2,0,1,0,2,1,
Darius Bazley,10.8629,27.9,10,3.5,6,0.583,0.5,1.5,0.333,2.5,8,0.313,3.5,7,10.5,3.5,2.5,1.5,3,3,13,1.75,1.25,5.25,0.75,1.5,4,0.25,1.5,
Dexter Dennis,6.3807,20.7,10,3,4,0.75,3,3.5,0.857,1,2,0.5,0,0.5,0.5,0,0,0,0.5,2,11,0,0,0.25,0,0.25,1,1.5,1,
Egor Dëmin,6.8133,24.9,10,3,9,0.333,3,7.5,0.4,1,1,1,1,3,4,2,1.5,1,0.5,2,-8,1,0.75,2,0.5,0.25,0.5,1.5,1,
Hansen Yang,9.18,24.8,10,3.5,7.5,0.467,0.5,2.5,0.2,2.5,3,0.833,1,3.5,4.5,4,4,0.5,2,4.5,12,2,2,2.25,0.25,1,1.5,0.25,2.25,
Jack White,7.61,24.1,10,3,6,0.5,2,4,0.5,2,2,1,0,2,2,1,2,2,3,1,8,1,2,2,2,3,2,2,1,3&D Wing
Javonte Cooke,6.5583,19.4,10,3.5,10,0.35,2,6,0.333,1,1,1,0,3.5,3.5,1.5,1.5,1,0,3,-3,0.75,0.75,1.75,0.5,0,0.5,1,1.5,
Justin Edwards,5.7318,25.5,10,3.5,11,0.318,2,6,0.333,1,1.5,0.667,0,1.5,1.5,1,3,0,0,3.5,-15,0.5,1.5,0.75,0,0,0.75,1,1.75,
Malevy Leons,9.5643,22.5,10,4.5,7,0.643,0.5,1,0.5,0.5,0.5,1,3,4,7,3,0.5,1.5,1,5,22,1.5,0.25,3.5,0.75,0.5,0.25,0.25,2.5,
Nolan Traore,7.4575,24.6,10,3,7.5,0.4,0.5,2.5,0.2,3.5,4,0.875,1,3.5,4.5,3,3,0,0,3.5,-1,1.5,1.5,2.25,0,0,2,0.25,1.75,
Spencer Jones,5.8841,24.1,10,4,7.5,0.533,1.5,4,0.375,0.5,1.5,0.333,1,3,4,0,1,1.5,0,5,-11,0,0.5,2,0.75,0,0.75,0.75,2.5,
Yves Missi,7.4508,25.3,10,4,10,0.4,0,0,0,2,6.5,0.308,5,7,12,0,0.5,1,1.5,2,-13,0,0.25,6,0.5,0.75,3.25,0,1,
AJ Johnson,5.2733,20.4,9.5,3.5,7,0.5,0,2,0,2.5,3,0.833,0.5,3,3.5,0.5,1.5,0.5,0,1,-7,0.25,0.75,1.75,0.25,0,1.5,0,0.5,
Jamal Shead,8.8809,23,9.5,3,8.5,0.353,1,2.5,0.4,2.5,4.5,0.556,1.5,1.5,3,5,3,2,0,4,13,2.5,1.5,1.5,1,0,2.25,0.5,2,3&D Wing
Johnny Furphy,4.9322,19.1,9.5,4,8,0.5,1,4.5,0.222,0.5,1,0.5,0,3,3,2.5,2.5,0.5,0,2,-13,1.25,1.25,1.5,0.25,0,0.5,0.5,1,
Kenneth Lofton Jr.,8.2303,18.1,9.5,2,7,0.286,0,0,0,5.5,6,0.917,3.5,2.5,6,2,2,0,0.5,2.5,14,1,1,3,0,0.25,3,0,1.25,
Moses Wood,7.4418,23.4,9.5,3.5,11,0.318,1.5,7.5,0.2,1,2,0.5,0.5,3,3.5,3,1,0.5,2.5,2,-2,1.5,0.5,1.75,0.25,1.25,1,0.75,1,
Taran Armstrong,7.2271,25,9.5,3.5,8,0.438,1.5,4.5,0.333,1,1,1,1,4,5,5,3.5,2,0,1,-5,2.5,1.75,2.5,1,0,0.5,0.75,0.5,3&D Wing
Ulrich Chomche,8.1745,21,9.5,3,5.5,0.545,0,0,0,3.5,5,0.7,2.5,2.5,5,1.5,0,3,1.5,2,15,0.75,0,2.5,1.5,0.75,2.5,0,1,
Adam Flagler,5.4325,17.4,9,3,8,0.375,1.5,5,0.3,1.5,2,0.75,1,1,2,2,1.5,0.5,0,1.5,-4,1,0.75,1,0.25,0,1,0.75,0.75,
Alijah Martin,8.909,19,9,3.5,9.5,0.368,1,4.5,0.222,1,1,1,0.5,2.5,3,3,2.5,1.5,0,1,25,1.5,1.25,1.5,0.75,0,0.5,0.5,0.5,
Cameron Tyson,5.2191,14.8,9,3,7,0.429,3,6.5,0.462,0,0,0,0.5,2,2.5,2,0,0,0,2,-1,1,0,1.25,0,0,0,1.5,1,
Curtis Jones,6.2029,16.7,9,3,7,0.429,2,5,0.4,1,1,1,0,3,3,2.5,1.5,0,0.5,4,1,1.25,0.75,1.5,0,0.25,0.5,1,2,
Ethan Thompson,7.3023,24,9,2,8,0.25,1.5,5.5,0.273,3.5,3.5,1,0.5,0,0.5,1,2,0.5,0.5,6.5,3,0.5,1,0.25,0.25,0.25,1.75,0.75,3.25,
Joan Beringer,8.1745,22.3,9,3.5,4.5,0.778,0,0,0,2,3,0.667,4,3.5,7.5,2,0.5,1,3.5,2,12,1,0.25,3.75,0.5,1.75,1.5,0,1,
Johni Broome,5.5567,16.3,9,3.5,7.5,0.467,2,2.5,0.8,0,0,0,3,1,4,1.5,1,1,0.5,3.5,-2,0.75,0.5,2,0.5,0.25,0,1,1.75,
Bobi Klintman,10.8836,29.9,8.5,3,7.5,0.4,1,3.5,0.286,1.5,2,0.75,0.5,8,8.5,2.5,2.5,1.5,1,3,23,1.25,1.25,4.25,0.75,0.5,1,0.5,1.5,
Jamison Battle,5.1926,19.6,8.5,3,6.5,0.462,2,5.5,0.364,0.5,1,0.5,0.5,0.5,1,1,2,0.5,0,1.5,-3,0.5,1,0.5,0.25,0,0.5,1,0.75,
Kendall Brown,4.3067,13.1,8.5,3,4.5,0.667,0.5,0.5,1,2,2.5,0.8,0,1,1,0.5,0.5,0.5,0,0.5,2,0.25,0.25,0.5,0.25,0,1.25,0.25,0.25,
Noa Essengue,5.754,21.6,8.5,3,8.5,0.353,0.5,3.5,0.143,2,4.5,0.444,2.5,4,6.5,0.5,4,2,1,2,-18,0.25,2,3.25,1,0.5,2.25,0.25,1,3&D Wing
Noah Penda,9.3611,28,8.5,4,9,0.444,0.5,3,0.167,0,0,0,1,7.5,8.5,3,3.5,2.5,0.5,1.5,12,1.5,1.75,4.25,1.25,0.25,0,0.25,0.75,3&D Wing
Ryan Kalkbrenner,8.2617,29.4,8.5,3.5,7.5,0.467,0,0.5,0,1.5,2,0.75,2.5,3,5.5,3,1.5,1,3.5,2.5,6,1.5,0.75,2.75,0.5,1.75,1,0,1.25,
Alex Schumacher,2.6,5.4,8,3,5,0.6,2,2,1,0,0,0,0,0,0,0,0,0,0,0,-1,0,0,0,0,0,0,2,0,
Christian Koloko,5.8947,17.9,8,2.5,5,0.5,0.5,1.5,0.333,2.5,3.5,0.714,2,2.5,4.5,1.5,0.5,0.5,2,4.5,-2,0.75,0.25,2.25,0.25,1,1.75,0.25,2.25,
Collin Murray-Boyles,7.99,22.8,8,3,5,0.6,0,2,0,2,4,0.5,5,2,7,1,5,3,1,8,0,1,5,7,3,1,4,0,8,Stretch Big / Rim Protector
Erik Stevenson,5.1545,20,8,3,5.5,0.545,2,4,0.5,0,0,0,1,3.5,4.5,1,3,0.5,0,2.5,-8,0.5,1.5,2.25,0.25,0,0,1,1.25,
Isaiah Crawford,5.69,16.2,8,3,5,0.6,1.5,2.5,0.6,0.5,1,0.5,1,3.5,4.5,1,1.5,0.5,1,0.5,4,0.5,0.75,2.25,0.25,0.5,0.5,0.75,0.25,
Jacksen Moni,3.2217,7.8,8,3,4,0.75,2,3,0.667,0,0,0,1,1,2,0,0,0,0,0,-1,0,0,2,0,0,0,2,0,
Jahmir Young,4.1862,19.9,8,3,6.5,0.462,0,1,0,2,2,1,0.5,1.5,2,5,2.5,1,0,0.5,-15,2.5,1.25,1,0.5,0,1,0,0.25,
Jules Bernard,4.6973,18.7,8,3,11,0.273,0,2,0,2,2,1,2,2,4,2,0,0,0,2,-13,2,0,4,0,0,2,0,2,
Keve Aluma,4.0886,15.6,8,3.5,7,0.5,1,3.5,0.286,0,0.5,0,2,2,4,0,1,1.5,0.5,2,-12,0,0.5,2,0.75,0.25,0.25,0.5,1,
Miles Norris,8.115,21.5,8,2,5,0.4,1,4,0.25,3,3,1,1,4,5,0,3,1,1,5,12,0,3,5,1,1,3,1,5,
Nate Williams,8.9467,31.2,8,4,15,0.267,0,7,0,0,0,0,2,4,6,3,5,1,0,4,-1,3,5,6,1,0,0,0,4,
Robert Baker,4.0356,13.3,8,2.5,4.5,0.556,1,3,0.333,2,3,0.667,0.5,2.5,3,1.5,0,1,0,1,-8,0.75,0,1.5,0.5,0,1.5,0.5,0.5,
Saliou Niang,6.9801,22.5,7.7,2.3,5.7,0.412,0.3,1.7,0.2,2.7,3,0.889,2.7,4,6.7,1.3,2.3,0.7,0,2.7,2,0.4333333333,0.7666666667,2.233333333,0.2333333333,0,1,0.1,0.9,
Ariel Hukporti,6.1381,21.2,7.5,2.5,4.5,0.556,0,0,0,2.5,4,0.625,4,5,9,1.5,3,1,2.5,5,-13,0.75,1.5,4.5,0.5,1.25,2,0,2.5,
E.J. Liddell,6.6669,23.8,7.5,2.5,7.5,0.333,1,3.5,0.286,1.5,2,0.75,4,5,9,0.5,3.5,0,0.5,3.5,-10,0.25,1.75,4.5,0,0.25,1,0.5,1.75,
Jesse Edwards,4.5357,14.5,7.5,3,3.5,0.857,0,0,0,1.5,3,0.5,0.5,1.5,2,0.5,0.5,0.5,0.5,3,2,0.25,0.25,1,0.25,0.25,1.5,0,1.5,
Kam Jones,6.265,25,7.5,3,7.5,0.4,0,3,0,1.5,2,0.75,1.5,2.5,4,2,2.5,1.5,0,3,-5,1,1.25,2,0.75,0,1,0,1.5,
Maozinha Pereira,3.5645,21.1,7.5,3,5.5,0.545,1.5,3,0.5,0,0,0,0.5,2,2.5,1,1.5,0,0,1.5,-16,0.5,0.75,1.25,0,0,0,0.75,0.75,
MarJon Beauchamp,4.63,20.9,7.5,3,10,0.3,0,3.5,0,1.5,2.5,0.6,0.5,2.5,3,1,1,0,1,1.5,-14,0.5,0.5,1.5,0,0.5,1.25,0,0.75,
N'Faly Dante,4.8736,22.6,7.5,3.5,5.5,0.636,0,0,0,0.5,1,0.5,3,1,4,2,1,1,2.5,5.5,-13,1,0.5,2,0.5,1.25,0.5,0,2.75,
Zakai Zeigler,4.6585,17.8,7.5,2.5,6.5,0.385,1,2.5,0.4,1.5,1.5,1,0,1,1,1.5,2.5,1,0,3,-6,0.75,1.25,0.5,0.5,0,0.75,0.5,1.5,
Adem Bona,4.6067,19.1,7,3.5,7.5,0.467,0,0.5,0,0,0,0,3.5,2,5.5,1,3,1.5,2.5,3,-14,0.5,1.5,2.75,0.75,1.25,0,0,1.5,
Alondes Williams,4.4538,17.3,7,2,3.5,0.571,2,3,0.667,1,1,1,0,2.5,2.5,2,2,1,0.5,3,-8,1,1,1.25,0.5,0.25,0.5,1,1.5,
Caleb Grill,4.0718,17.5,7,2.5,6.5,0.385,2,6,0.333,0,0,0,0,1.5,1.5,0.5,0.5,1.5,0,3,-10,0.25,0.25,0.75,0.75,0,0,1,1.5,
Coleman Hawkins,6.7033,17.1,7,3,5,0.6,1,3,0.333,0,0,0,2,5,7,4,2,2,0,3,5,4,2,7,2,0,0,1,3,
Craig Porter Jr.,3.95,6.5,7,2,2,1,1,1,1,2,2,1,0,1,1,1,0,0,0,1,9,1,0,1,0,0,2,1,1,
Gabe McGlothan,4.83,18.3,7,2.5,5,0.5,2,4,0.5,0,0,0,1.5,3,4.5,0,0.5,0.5,0,0.5,-2,0,0.25,2.25,0.25,0,0,1,0.25,
Hason Ward,4.9775,12.9,7,3.5,4,0.875,0,0,0,0,0,0,1.5,2,3.5,2,1,0.5,0.5,3.5,7,1,0.5,1.75,0.25,0.25,0,0,1.75,
Jack McVeigh,4.0425,15.8,7,3,8,0.375,1,4,0.25,0,0,0,1,4,5,1,1,1,0,1,-13,1,1,5,1,0,0,1,1,3&D Wing
Jake Stephens,6.03,15.8,7,2,4,0.5,2,4,0.5,1,2,0.5,2,2,4,2,0,1,0,3,7,2,0,4,1,0,2,2,3,
Jaylen Clark,8.2732,27.3,7,2.5,10,0.25,1,5.5,0.182,1,2,0.5,1,2,3,2,0.5,2,1,3,11,1,0.25,1.5,1,0.5,1,0.5,1.5,3&D Wing
Jermaine Samuels Jr.,5.3005,18.3,7,2.5,5.5,0.455,0.5,1,0.5,1.5,2,0.75,2,1.5,3.5,0,2,0,0.5,1.5,2,0,1,1.75,0,0.25,1,0.25,0.75,
Keshad Johnson,6.4403,27.4,7,2.5,9,0.278,0.5,4,0.125,1.5,2.5,0.6,1,3,4,3.5,1,0.5,1.5,6.5,-12,1.75,0.5,2,0.25,0.75,1.25,0.25,3.25,
Lachlan Olbrich,5.4452,24.9,7,2.5,6.5,0.385,0,1,0,2,3,0.667,1.5,2.5,4,0.5,2.5,1,0,3.5,-9,0.25,1.25,2,0.5,0,1.5,0,1.75,
PJ Hall,4.4881,10.5,7,2.5,3.5,0.714,1,1.5,0.667,1,1,1,1.5,2,3.5,1,1.5,0,1,6,-2,0.5,0.75,1.75,0,0.5,0.5,0.5,3,
Phlandrous Fleming Jr.,6.6217,16.3,7,2.5,6,0.417,0.5,2,0.25,1.5,2,0.75,2,4.5,6.5,3,1.5,0.5,0,1,8,1.5,0.75,3.25,0.25,0,1,0.25,0.5,
Sir'Jabari Rice,6.15,18,7,3,10,0.3,1,5,0.2,0,1,0,3,2,5,1,0,1,1,3,0,1,0,5,1,1,1,1,3,
Skal Labissiere,6.1117,16.7,7,2.5,6,0.417,0,1,0,2,2,1,1.5,2,3.5,2,1.5,0,1.5,4.5,6,1,0.75,1.75,0,0.75,1,0,2.25,
Tyler Burton,5.4934,16.1,7,2.5,6,0.417,0.5,3,0.167,1.5,2,0.75,1,3.5,4.5,1.5,1,0.5,0.5,0.5,2,0.75,0.5,2.25,0.25,0.25,1,0.25,0.25,
Amari Bailey,5.2767,12.2,6.5,2,5,0.4,0.5,1,0.5,2,3,0.667,1,2,3,2.5,0.5,0.5,0,0.5,9,1.25,0.25,1.5,0.25,0,1.5,0.25,0.25,
Chris Manon,5.5456,16,6.5,2,5,0.4,0,1,0,2.5,4.5,0.556,1.5,2.5,4,1.5,2,0.5,2,3,0,0.75,1,2,0.25,1,2.25,0,1.5,
Dink Pate,5.4419,15.3,6.5,2,7,0.286,1,3,0.333,1.5,1.5,1,1.5,3,4.5,3,0,0.5,0,1.5,1,1.5,0,2.25,0.25,0,0.75,0.5,0.75,
Jamal Cain,4.52,18,6.5,3,6,0.5,0.5,2.5,0.2,0,0,0,1,2,3,0.5,0,0,0,1.5,0,0.25,0,1.5,0,0,0,0.25,0.75,
Jordan Hall,6.1096,23,6.5,3,7,0.429,0.5,3,0.167,0,0,0,1,3.5,4.5,3,2,1.5,0.5,4.5,-3,1.5,1,2.25,0.75,0.25,0,0.25,2.25,
Kira Lewis Jr.,6.0033,25,6.5,2,6,0.333,0.5,2.5,0.2,2,2,1,0.5,4.5,5,3.5,2,0,0,2.5,-6,1.75,1,2.5,0,0,1,0.25,1.25,
Kyle Mangas,5.2721,14,6.5,2,3.5,0.571,1,2.5,0.4,1.5,2,0.75,0.5,2,2.5,2,1,0,0,1,9,1,0.5,1.25,0,0,1,0.5,0.5,
Trevor Keels,3.6473,11.6,6.5,2,4.5,0.444,1.5,3.5,0.429,1,1,1,0,0,0,0.5,1,0,0,0.5,1,0.25,0.5,0,0,0,0.5,0.75,0.25,
Tristen Newton,4.675,16.4,6.5,2,6.5,0.308,1.5,4,0.375,1,1.5,0.667,0.5,1,1.5,2,1,1,0,2,-3,1,0.5,0.75,0.5,0,0.75,0.75,1,
Tyler Kolek,6.1958,28,6.5,2.5,12,0.208,0,5.5,0,1.5,2,0.75,1.5,2.5,4,6,4.5,1,1.5,2,-20,3,2.25,2,0.5,0.75,1,0,1,
Bogoljub Marković,3.7696,15.3,6.3,1.7,4.3,0.385,0.7,2,0.333,2.3,3,0.778,0.7,0.7,1.3,1,1.3,0.3,0,2.3,-7,0.3333333333,0.4333333333,0.4333333333,0.1,0,1,0.2333333333,0.7666666667,
Arthur Kaluma,3.68,12.8,6,2.5,5,0.5,1,2,0.5,0,0,0,0,1.5,1.5,1,0.5,0,1,4,-3,0.5,0.25,0.75,0,0.5,0,0.5,2,
Denver Jones,5.2922,14.2,6,2,9,0.222,0,5,0,2,4,0.5,2,2,4,0,1,1,0,2,-2,0,1,4,1,0,4,0,2,
Isaiah Stevens,5.705,17.3,6,2.5,6,0.417,1,3,0.333,0,0,0,0.5,1,1.5,2.5,0.5,1.5,0,1,12,1.25,0.25,0.75,0.75,0,0,0.5,0.5,
Keion Brooks Jr.,4.8095,17,6,1.5,3.5,0.429,0.5,1.5,0.333,2.5,3,0.833,2.5,0.5,3,0.5,0.5,1.5,0,2.5,0,0.25,0.25,1.5,0.75,0,1.5,0.25,1.25,
Lawson Lovering,5.2183,16.6,6,2.5,3,0.833,0,0,0,1,4,0.25,2.5,2.5,5,0.5,1.5,0,0.5,4.5,1,0.25,0.75,2.5,0,0.25,2,0,2.25,
Leaky Black,3.6167,12.6,6,1.5,3,0.5,1,2.5,0.4,2,3,0.667,0,2.5,2.5,1,1.5,1,0,3.5,-9,0.5,0.75,1.25,0.5,0,1.5,0.5,1.75,
Leopold Delaunay,5.44,16.9,6,3,6,0.5,0,2,0,0,0,0,0,7,7,1,2,0,0,2,1,1,2,7,0,0,0,0,2,
Max Abmas,4.3519,22.9,6,2.5,7.5,0.333,1,3.5,0.286,0,0,0,0,0.5,0.5,1.5,1.5,1.5,0,3,-9,0.75,0.75,0.25,0.75,0,0,0.5,1.5,
Max Shulga,6.1885,21.5,6,2.5,6.5,0.385,0.5,3,0.167,0.5,1.5,0.333,0,1.5,1.5,2.5,0.5,2,0.5,3.5,7,1.25,0.25,0.75,1,0.25,0.75,0.25,1.75,3&D Wing
Mohamed Diawara,5.4655,20.2,6,2.5,5.5,0.455,0.5,2,0.25,0.5,2,0.25,1.5,3.5,5,1,1,1,0,0.5,1,0.5,0.5,2.5,0.5,0,1,0.25,0.25,
RJ Davis,3.9576,12.5,6,2,6,0.333,0.5,3.5,0.143,1.5,2.5,0.6,0.5,0.5,1,3,1,0.5,0,2.5,-5,1.5,0.5,0.5,0.25,0,1.25,0.25,1.25,
Wooga Poplar,2.5266,14.9,6,1.5,4.5,0.333,0.5,2.5,0.2,2.5,3,0.833,0,1,1,0.5,1,0,0,1,-16,0.25,0.5,0.5,0,0,1.5,0.25,0.5,
Zhuric Phelps,4.22,11.2,6,3,3,1,0,0,0,0,3,0,1,0,1,2,0,1,2,0,8,2,0,1,1,2,3,0,0,
Andre Jackson Jr.,5.39,21.5,5.7,1.7,3.3,0.5,1,1.7,0.6,1.3,1.3,1,0.7,2.7,3.3,4,3.3,0.7,0.3,3.3,-4,1.333333333,1.1,1.1,0.2333333333,0.1,0.4333333333,0.3333333333,1.1,
Tyler Smith,6.2358,26.6,5.7,2,8.7,0.231,0.3,6,0.056,1.3,2.3,0.571,1,3,4,0,2,0,1.3,2.3,-5,0,0.6666666667,1.333333333,0,0.4333333333,0.7666666667,0.1,0.7666666667,
Amari Williams,4.7733,18.8,5.5,1.5,2.5,0.6,0,0,0,2.5,3,0.833,0.5,2.5,3,1.5,2,0.5,1,2.5,-1,0.75,1,1.5,0.25,0.5,1.5,0,1.25,
Caleb Daniels,3.385,11.5,5.5,1.5,2.5,0.6,1,2,0.5,1.5,2,0.75,1,2,3,0.5,0,0.5,0,2.5,-5,0.25,0,1.5,0.25,0,1,0.5,1.25,
Harrison Ingram,7.5833,20.8,5.5,2.5,7.5,0.333,0.5,2.5,0.2,0,0,0,1.5,6,7.5,4,1,0.5,0,3.5,12,2,0.5,3.75,0.25,0,0,0.25,1.75,
Jameer Nelson Jr.,5.125,15,5.5,1,4,0.25,0,1.5,0,3.5,3.5,1,0,1,1,2.5,2.5,1,0,1,7,1.25,1.25,0.5,0.5,0,1.75,0,0.5,
Reece Beekman,4.97,19.9,5.5,1.5,5,0.3,0,0.5,0,2.5,2.5,1,0,1.5,1.5,8,2,1.5,0,0.5,-4,4,1,0.75,0.75,0,1.25,0,0.25,
Sion James,5.2914,17.8,5.5,2,5.5,0.364,0,2.5,0,1.5,2,0.75,1,2.5,3.5,3,1,0.5,0.5,2,1,1.5,0.5,1.75,0.25,0.25,1,0,1,
Stanley Umude,2.8808,13.5,5.3,2,5,0.4,1,2.7,0.375,0.3,1,0.333,0.3,1.3,1.7,0,0.3,2,0,2.3,-11,0,0.1,0.5666666667,0.6666666667,0,0.3333333333,0.3333333333,0.7666666667,
Adama Sanogo,3.96,16.3,5,2,2.5,0.8,0,0,0,1,1,1,2.5,4,6.5,3.5,0,1,1,1.5,-10,1.75,0,3.25,0.5,0.5,0.5,0,0.75,
Ben Saraf,4.7044,19.3,5,1.5,5,0.3,0,1.5,0,2,4.5,0.444,0.5,1,1.5,4,3,0.5,0,2,-5,2,1.5,0.75,0.25,0,2.25,0,1,
Boo Buie,2.8533,7.3,5,1,2.5,0.4,0.5,1.5,0.333,2.5,2.5,1,0,1.5,1.5,0.5,0.5,0,0,0,0,0.25,0.25,0.75,0,0,1.25,0.25,0,
Cam Carter,4.3033,7.2,5,2,4,0.5,1,3,0.333,0,0,0,0,3,3,2,1,0,0,1,10,2,1,3,0,0,0,1,1,
Chibuzo Agbo,3.29,8.9,5,2,2,1,1,1,1,0,0,0,0,1,1,0,0,0,0,1,8,0,0,1,0,0,0,1,1,
Dain Dainja,2.8033,13.2,5,2,4,0.5,0,0,0,1,3,0.333,1,2,3,1,2,0,0,3,-13,1,2,3,0,0,3,0,3,
Dmytro Skapintsev,4.4529,10.1,5,1.5,3.5,0.429,1,2,0.5,1,1,1,1,1,2,1,0.5,0,1,4,7,0.5,0.25,1,0,0.5,0.5,0.5,2,
Hunter Maldonado,4.313,12.4,5,2,4.5,0.444,1,3.5,0.286,0,0.5,0,1,0.5,1.5,0.5,0,1.5,0,1.5,7,0.25,0,0.75,0.75,0,0.25,0.5,0.75,
Hunter Sallis,5.8943,27.1,5,1.5,8.5,0.176,0,2.5,0,2,3,0.667,0,3,3,2.5,1,1.5,1,1.5,-5,1.25,0.5,1.5,0.75,0.5,1.5,0,0.75,
Kobe Johnson,3.7344,13.9,5,2,4.5,0.444,0,1,0,1,2,0.5,1.5,2,3.5,0,2.5,1.5,0,1,-5,0,1.25,1.75,0.75,0,1,0,0.5,
Kon Knueppel,7.7525,29.9,5,1,8,0.125,0,5,0,3,6,0.5,0,1,1,4,3,1,0,3,6,4,3,1,1,0,6,0,3,
Mark Armstrong,1.8194,7.5,5,2,4.5,0.444,0.5,2,0.25,0.5,1,0.5,0.5,0.5,1,1,1,0.5,0,0.5,-11,0.5,0.5,0.5,0.25,0,0.5,0.25,0.25,
Matthew Cleveland,3.84,13,5,2,5,0.4,0,0.5,0,1,1,1,3,1.5,4.5,1,0.5,0,0,1,-2,0.5,0.25,2.25,0,0,0.5,0,0.5,
Maxwell Lewis,4.8367,16.7,5,1,6,0.167,0.5,3,0.167,2.5,3,0.833,1.5,1,2.5,1.5,1,0,1,3,-2,0.75,0.5,1.25,0,0.5,1.5,0.25,1.5,
Nell Joseph,5.2417,15.5,5,2.5,6,0.417,0,0.5,0,0,0,0,2.5,4.5,7,1,0.5,1,2,1,3,0.5,0.25,3.5,0.5,1,0,0,0.5,
Zyon Pullin,4.8966,24.3,5,2,6,0.333,1,3,0.333,0,0,0,0,2,2,4,2,0,0,0,-3,4,2,2,0,0,0,1,0,
DJ Carton,3.8944,15,4.5,2,4.5,0.444,0,2,0,0.5,1,0.5,1.5,3,4.5,1,1.5,0.5,0,1.5,-5,0.5,0.75,2.25,0.25,0,0.5,0,0.75,
Danny Wolf,6.76,23.7,4.5,1,5,0.2,0.5,2.5,0.2,2,2,1,1,7,8,2,3.5,1.5,2.5,3.5,-4,1,1.75,4,0.75,1.25,1,0.25,1.75,
Darius Brown,5.09,16,4.5,1,2.5,0.4,0,1,0,2.5,2.5,1,0,2.5,2.5,3.5,1.5,1,0,1.5,7,1.75,0.75,1.25,0.5,0,1.25,0,0.75,
Devone Grant,2.9629,10.9,4.5,1.5,5,0.3,1.5,3.5,0.429,0,0,0,0,0.5,0.5,2.5,1.5,0.5,0,1.5,-5,1.25,0.75,0.25,0.25,0,0,0.75,0.75,
Grant Nelson,3.4333,12.9,4.5,1.5,2.5,0.6,0.5,1.5,0.333,1,1,1,1,1,2,1.5,1.5,0,0,3,-3,0.75,0.75,1,0,0,0.5,0.25,1.5,
Jamir Watkins,3.8583,16,4.5,1,4,0.25,0,2,0,2.5,3,0.833,1,1.5,2.5,0.5,0,2.5,0,2.5,-6,0.25,0,1.25,1.25,0,1.5,0,1.25,
Ty Brewer,3.1277,11.5,4.5,2,4.5,0.444,0.5,1.5,0.333,0,1,0,1.5,1.5,3,0,1,1,0,1,-4,0,0.5,1.5,0.5,0,0.5,0.25,0.5,
Warith Alatishe,4.5867,17.7,4.5,2,3,0.667,0,0,0,0.5,1,0.5,2.5,2,4.5,1,0.5,0.5,2.5,0.5,2,0.5,0.25,2.25,0.25,1.25,0.5,0,0.25,
Malik Williams,2.6206,9,4.3,1.7,3,0.556,0.3,1.3,0.25,0.7,1.7,0.4,0.7,1.7,2.3,0.7,0.3,0.3,0.3,1.7,-5,0.2333333333,0.1,0.7666666667,0.1,0.1,0.5666666667,0.1,0.5666666667,
Aaron Estrada,1.78,11.8,4,2,4,0.5,0,0.5,0,0,0,0,0,0.5,0.5,1,1.5,0,0.5,0,-9,0.5,0.75,0.25,0,0.25,0,0,0,
Brandon Angel,2.53,10.8,4,2,4,0.5,0,2,0,0,0,0,0,1,1,0,0,1,0,2,-3,0,0,1,1,0,0,0,2,
CJ Huntley,5.3144,17.2,4,2,4.5,0.444,0,1,0,0,0,0,1,3.5,4.5,0.5,1.5,1,0.5,3.5,8,0.25,0.75,2.25,0.5,0.25,0,0,1.75,
Chris Ledlum,4.05,13.4,4,1.5,2.5,0.6,0.5,1,0.5,0.5,1,0.5,1.5,3,4.5,0.5,1.5,0,1.5,1,1,0.25,0.75,2.25,0,0.75,0.5,0.25,0.5,
Chucky Hepburn,5.0283,14.7,4,1.5,4.5,0.333,1,4,0.25,0,0,0,0.5,1,1.5,4,1.5,1.5,0,4,6,2,0.75,0.75,0.75,0,0,0.5,2,
Daeqwon Plowden,4.2383,12.8,4,1,4,0.25,1,3,0.333,1,1,1,0,3,3,1,0,0,0.5,0.5,5,0.5,0,1.5,0,0.25,0.5,0.5,0.25,
Dane Goodwin,2.3817,15.4,4,1.5,2,0.75,1,1.5,0.667,0,0,0,0,0.5,0.5,0.5,0,0,0,1.5,-6,0.25,0,0.25,0,0,0,0.5,0.75,
Dawson Garcia,4.0267,13.6,4,2,3,0.667,0,1,0,0,0,0,2,3,5,1,2,0,1,6,-4,1,2,5,0,1,0,0,6,
Jahmai Mashack,6.475,24.5,4,2,8,0.25,0,2,0,0,0,0,1,4,5,4,3,0,2,1,4,4,3,5,0,2,0,0,1,
Jarkel Joiner,2.95,4.5,4,2,2,1,0,0,0,0,1,0,0,2,2,1,0,0,0,1,9,1,0,2,0,0,1,0,1,
Kadin Shedrick,4.38,11.3,4,1,3,0.333,0,0.5,0,2,3,0.667,2,0,2,1,0,1.5,1,3.5,7,0.5,0,1,0.75,0.5,1.5,0,1.75,
Quincy Guerrier,2.64,6.4,4,1,1,1,0,0,0,2,2,1,0,0,0,0,0,0,0,1,7,0,0,0,0,0,2,0,1,
Steven Ashworth,2.275,9.1,4,1,2.5,0.4,0.5,2,0.25,1.5,1.5,1,0,0.5,0.5,1.5,3.5,0.5,0,1.5,-9,0.75,1.75,0.25,0.25,0,0.75,0.25,0.75,
William Hickey,1.85,4.5,4,0,1,0,0,0,0,4,4,1,2,1,3,0,1,0,0,2,-9,0,1,3,0,0,4,0,2,
Markquis Nowell,5.0853,18.1,3.7,1,4.3,0.231,0.7,3,0.222,1,1.7,0.6,0.3,1.3,1.7,6.3,1.7,1,0.3,1.7,2,2.1,0.5666666667,0.5666666667,0.3333333333,0.1,0.5666666667,0.2333333333,0.5666666667,
Blake Hinson,2.8154,10.9,3.5,1,6.5,0.154,0.5,5,0.1,1,1,1,0,0.5,0.5,0.5,1,0,0.5,0.5,-6,0.25,0.5,0.25,0,0.25,0.5,0.25,0.25,
Carter Bryant,7.2588,22.9,3.5,0.5,6.5,0.077,0.5,4.5,0.111,2,2,1,0.5,3,3.5,1.5,3,0.5,2,3,12,0.75,1.5,1.75,0.25,1,1,0.25,1.5,
Chaney Johnson,5.4915,15.4,3.5,1,5.5,0.182,0.5,1.5,0.333,1,1,1,1.5,2.5,4,0.5,2,0.5,0.5,3.5,9,0.25,1,2,0.25,0.25,0.5,0.25,1.75,
Hunter Dickinson,3.8033,12.1,3.5,1.5,2.5,0.6,0,0.5,0,0.5,1.5,0.333,0.5,2,2.5,1.5,1.5,0.5,1.5,2,3,0.75,0.75,1.25,0.25,0.75,0.75,0,1,
Isaiah Mobley,6.8881,23.1,3.5,0.5,7.5,0.067,0,3.5,0,2.5,3.5,0.714,1,4.5,5.5,2.5,4,0,0.5,4,2,1.25,2,2.75,0,0.25,1.75,0,2,
Khalif Battle,4.0433,16.9,3.5,0.5,2.5,0.2,0,0.5,0,2.5,3,0.833,0,1.5,1.5,1,2,0.5,0.5,2,1,0.5,1,0.75,0.25,0.25,1.5,0,1,
Olivier Nkamhoua,2.6862,12.1,3.5,1.5,3.5,0.429,0.5,1.5,0.333,0,0,0,1,0.5,1.5,1,1,0,0,0.5,-2,0.5,0.5,0.75,0,0,0,0.25,0.25,
Yuki Kawamura,3.5922,20.5,3.5,1,5,0.2,1,4.5,0.222,0.5,1,0.5,0,2,2,3.5,4,2,0,3.5,-19,1.75,2,1,1,0,0.5,0.5,1.75,3&D Wing
Andrew Funk,3.08,13.8,3,1,2,0.5,1,2,0.5,0,0,0,0,0,0,2,0,0,0,1,4,2,0,0,0,0,0,1,1,
DaJaun Gordon,3.2315,13.3,3,1,5.5,0.182,1,3,0.333,0,0,0,2,1.5,3.5,0.5,1,1.5,0,2,-7,0.25,0.5,1.75,0.75,0,0,0.5,1,
David Muoka,1.7553,14.6,3,1,3.5,0.286,0,0,0,1,1.5,0.667,1,2,3,1,1,1,0,1,-18,0.5,0.5,1.5,0.5,0,0.75,0,0.5,
Donovan Williams,4.275,13,3,1,4,0.25,0,1,0,1,2,0.5,2,3,5,1,0,2,3,1,0,1,0,5,2,3,2,0,1,
Dwight Murray Jr.,2.78,9.8,3,1.5,3,0.5,0,0,0,0,0,0,0,0.5,0.5,2.5,1,0,0,0.5,5,1.25,0.5,0.25,0,0,0,0,0.25,
Izan Almansa,0.89,4.4,3,1,1,1,0,0,0,1,1,1,0,0.5,0.5,0,0.5,0.5,0,0.5,-7,0,0.25,0.25,0.25,0,0.5,0,0.25,
Jalen Crutcher,2.1833,14.6,3,1,3,0.333,1,2.5,0.4,0,1,0,0,0,0,2,1.5,0,0,0.5,-9,1,0.75,0,0,0,0.5,0.5,0.25,
James Nnaji,2.4367,10.2,3,0.5,0.5,1,0,0,0,2,3,0.667,0,0.5,0.5,0,1,1.5,0.5,3.5,-4,0,0.5,0.25,0.75,0.25,1.5,0,1.75,
Keyontae Johnson,2.9233,12.4,3,1,3,0.333,0,1,0,1,2,0.5,1,1,2,2,0,0,0,3,-4,2,0,2,0,0,2,0,3,
Luka Scuka,2.8278,9.5,3,0.5,4.5,0.111,0,2.5,0,2,3,0.667,1,1,2,0.5,0,0,0,2,-4,0.25,0,1,0,0,1.5,0,1,
Moussa Cisse,2.5529,14.6,3,1.5,3.5,0.429,0,0,0,0,0,0,2,2,4,0,0.5,0.5,1,2.5,-10,0,0.25,2,0.25,0.5,0,0,1.25,
Rocco Zikarsky,2.325,6.5,3,1.5,2,0.75,0,0,0,0,0,0,1,1.5,2.5,0.5,0.5,0.5,0.5,1.5,1,0.25,0.25,1.25,0.25,0.25,0,0,0.75,
Taevion Kinsey,1.965,8.4,3,1.5,2,0.75,0,0.5,0,0,0,0,0.5,1,1.5,0,0,1,0,0.5,-1,0,0,0.75,0.5,0,0,0,0.25,
Tyreke Key,2.25,4.5,3,1,1,1,1,1,1,0,0,0,0,0,0,0,0,0,0,0,9,0,0,0,0,0,0,1,0,
Colin Castleton,4.0686,12.4,2.5,1,3.5,0.286,0.5,1,0.5,0,0,0,2.5,2,4.5,0,2,0.5,0.5,2,5,0,1,2.25,0.25,0.25,0,0.25,1,
Damion Baugh,2.8483,10.9,2.5,1,3,0.333,0,0.5,0,0.5,2,0.25,0,0.5,0.5,1,1,0.5,0.5,1.5,2,0.5,0.5,0.25,0.25,0.25,1,0,0.75,
Elijah Harkless,4.2193,17.8,2.5,0.5,3.5,0.143,0,2.5,0,1.5,2,0.75,0.5,0.5,1,1.5,1,2.5,0,3,1,0.75,0.5,0.5,1.25,0,1,0,1.5,
Jamarion Sharp,4.2967,17.8,2.5,1,1.5,0.667,0,0,0,0.5,1,0.5,1.5,3,4.5,0,1.5,0.5,1.5,2,3,0,0.75,2.25,0.25,0.75,0.5,0,1,
Mylik Wilson,2.3267,6.6,2.5,1,1.5,0.667,0,0,0,0.5,0.5,1,0.5,1,1.5,0.5,0.5,1,0,1,3,0.25,0.25,0.75,0.5,0,0.25,0,0.5,
Sean Pedulla,3.7283,11.7,2.5,1,4,0.25,0.5,1.5,0.333,0,0,0,0,2.5,2.5,1.5,0.5,1,0,1.5,6,0.75,0.25,1.25,0.5,0,0,0.25,0.75,
TJ Bamba,3.912,15.9,2.5,0.5,6.5,0.077,0.5,3.5,0.143,1,2,0.5,1.5,1,2.5,1,0.5,1,0,2.5,-4,0.5,0.25,1.25,0.5,0,1,0.25,1.25,
Trey Alexander,2.9075,16.2,2.5,0.5,4,0.125,0,1,0,1.5,2,0.75,0,1,1,1,1.5,0,0,1,-5,0.5,0.75,0.5,0,0,1,0,0.5,
Yudai Baba,1.6867,2.2,2.5,1,1.5,0.667,0,0,0,0.5,1,0.5,1,0,1,0,0,0,0,0,5,0,0,0.5,0,0,0.5,0,0,
Andrew Carr,2.45,10.1,2,1,2.5,0.4,0,1,0,0,0,0,0.5,2.5,3,0.5,0.5,0,0.5,1,-1,0.25,0.25,1.5,0,0.25,0,0,0.5,
Christian Shumate,2.77,13.2,2,1,2,0.5,0,0,0,0,0,0,2,1,3,1,2,1,0,1,-2,1,2,3,1,0,0,0,1,
Clifford Omoruyi,2.5,4.5,2,0,0,0,0,0,0,2,4,0.5,0,0,0,1,0,0,1,1,9,1,0,0,0,1,4,0,1,
D'Andre Davis,0.69,3.4,2,1,2,0.5,0,1,0,0,0,0,0,0,0,0,0,0,0,0,-3,0,0,0,0,0,0,0,0,
Erik Reynolds II,0.72,8.3,2,1,2.5,0.4,0,1.5,0,0,0.5,0,0,0,0,0,0.5,0,0,0.5,-10,0,0.25,0,0,0,0.25,0,0.25,
Great Osobor,2.93,6.9,2,1,2.5,0.4,0,0,0,0,1,0,1,2,3,0.5,0.5,1,0,1.5,6,0.25,0.25,1.5,0.5,0,0.5,0,0.75,
Isaiah Wong,3.135,13.1,2,1,4,0.25,0,1,0,0,0,0,0,0.5,0.5,0.5,1.5,1,0,2,4,0.25,0.75,0.25,0.5,0,0,0,1,
John Poulakidas,3.3082,11.9,2,1,5.5,0.182,0,3.5,0,0,0.5,0,0,1,1,1.5,0,0.5,0,1.5,3,0.75,0,0.5,0.25,0,0.25,0,0.75,
Kylor Kelley,4.0433,20.6,2,1,3,0.333,0,0,0,0,0,0,1.5,5,6.5,0,3.5,0.5,0.5,4,-8,0,1.75,3.25,0.25,0.25,0,0,2,
Landers Nolley II,0.78,5.8,2,0,0,0,0,0,0,2,2,1,0,0,0,2,0,0,0,0,-7,2,0,0,0,0,2,0,0,
Marques Bolden,0.9,9,2,0,3,0,0,2,0,2,2,1,1,0,1,0,0,0,1,1,-16,0,0,1,0,1,2,0,1,
Saint Thomas,0.49,4.4,2,1,2,0.5,0,0.5,0,0,0,0,0.5,0.5,1,0,0,0,0,0.5,-8,0,0,0.5,0,0,0,0,0.25,
Selton Miguel,2.1033,4.7,2,1,3,0.333,0,1,0,0,0,0,0,1,1,0,0,0,0,1,6,0,0,1,0,0,0,0,1,
Trey Jemison III,2.94,11.4,2,1,1,1,0,0,0,0,0,0,1,2,3,2,2,1,0,1,1,2,2,3,1,0,0,0,1,
Zack Austin,1.32,10.2,2,0,2,0,0,2,0,2,2,1,0,0,0,0,0,1,0,0,-9,0,0,0,1,0,2,0,0,
Anton Watson,1.44,6.9,1.5,0.5,2,0.25,0.5,2,0.25,0,0,0,1.5,0.5,2,1,0.5,0,0,1,-6,0.5,0.25,1,0,0,0,0.25,0.5,
Biwali Bayles,1.58,2.8,1.5,0.5,1,0.5,0.5,1,0.5,0,0,0,0,0,0,0.5,0,0.5,0.5,1,5,0.25,0,0,0.25,0.25,0,0.25,0.5,
Justin McKoy,1.875,5.5,1.5,0,1.5,0,0,1,0,1.5,2,0.75,0,0.5,0.5,0,0,0.5,0,0.5,3,0,0,0.25,0.25,0,1,0,0.25,
Miller Kopp,1.44,11,1.5,0.5,2.5,0.2,0.5,2.5,0.2,0,0,0,0,0,0,0,0,0,0,2.5,-7,0,0,0,0,0,0,0.25,1.25,
Nate Hinton,2.53,11.5,1.5,0.5,5,0.1,0.5,2.5,0.2,0,0,0,1,2,3,0,0,0.5,0.5,3.5,-7,0,0,1.5,0.25,0.25,0,0.25,1.75,
Yanic Konan Niederhäuser,5.8,24.8,1.5,0.5,2.5,0.2,0,0.5,0,0.5,1,0.5,1,5.5,6.5,0,1,2,2.5,3.5,4,0,0.5,3.25,1,1.25,0.5,0,1.75,
Chase Hunter,3.1811,12.2,1,0.5,4.5,0.111,0,2,0,0,0,0,0.5,2,2.5,1,2.5,0.5,0,1.5,1,0.5,1.25,1.25,0.25,0,0,0,0.75,
Ibrahima Diallo,3.54,9.4,1,0.5,1,0.5,0,0,0,0,1,0,0,2.5,2.5,1,1.5,0,1,1.5,12,0.5,0.75,1.25,0,0.5,0.5,0,0.75,
Jeremy Jones,3.0225,13.1,1,0.5,4,0.125,0,3,0,0,0,0,0.5,1,1.5,0.5,0.5,0.5,0,0,4,0.25,0.25,0.75,0.25,0,0,0,0,
John Ukomadu,4.2,15.5,1,0,4,0,0,3,0,1,2,0.5,1,1,2,0,1,0,1,5,4,0,1,2,0,1,2,0,5,
Julian Reese,1.82,7.7,1,0,1,0,0,0,0,1,2,0.5,1,1,2,1,2,0,0,2,-4,1,2,2,0,0,2,0,2,
Stefan Todorovic,0.82,6.7,1,0,2,0,0,0,0,1,2,0.5,0,1,1,0,1,0,0,0,-8,0,1,1,0,0,2,0,0,
Cam Matthews,3.115,23.9,0.5,0,3.5,0,0,1,0,0.5,2,0.25,1.5,2.5,4,1,1,1,0.5,2,-14,0.5,0.5,2,0.5,0.25,1,0,1,
Moses Brown,1.34,4.4,0.5,0,0.5,0,0,0,0,0.5,1,0.5,1.5,2.5,4,0.5,0.5,0,0,1,-4,0.25,0.25,2,0,0,0.5,0,0.5,
Aaron Scott,0.43,5.3,0,0,3,0,0,3,0,0,0,0,0,0,0,0,1,1,0,0,-9,0,1,0,1,0,0,0,0,
Ben Gregg,-0.31,1.9,0,0,0,0,0,0,0,0,0,0,1,0,1,0,0,0,0,0,-7,0,0,1,0,0,0,0,0,
Buddy Boeheim,0.95,8.5,0,0,3.5,0,0,3.5,0,0,0,0,0,0.5,0.5,0.5,0,0,0,0.5,-8,0.25,0,0.25,0,0,0,0,0.25,
Cameron Brown,0.9,13,0,0,1,0,0,0.5,0,0,0,0,0,2,2,0.5,0,1,0.5,1.5,-13,0.25,0,1,0.5,0.25,0,0,0.75,
Cesare Edwards,0.72,4.2,0,0,1,0,0,1,0,0,0,0,0,1,1,1,0,0,1,1,-4,1,0,1,0,1,0,0,1,
D.J. Rodman,0.68,1.8,0,0,0,0,0,0,0,0,0,0,0,0,0,1,0,0,0,1,3,1,0,0,0,0,0,0,1,
Dillon Jones,1.07,8.7,0,0,2,0,0,2,0,0,0,0,0,1,1,0,1,0,0,2,-7,0,1,1,0,0,0,0,2,
Dylan Cardwell,2.13,10.3,0,0,1,0,0,0,0,0,0,0,0.5,2,2.5,0,0.5,0,0.5,2,2,0,0.25,1.25,0,0.25,0,0,1,
Efton Reid III,-0.37,1.3,0,0,1,0,0,0,0,0,0,0,0,0,0,0,0,0,0,0,-6,0,0,0,0,0,0,0,0,
Hayden Gray,-0.31,1.9,0,0,0,0,0,0,0,0,0,0,0,0,0,0,1,0,0,1,-7,0,1,0,0,0,0,0,1,
Jaden Akins,0.5,4,0,0,1,0,0,1,0,0,0,0,0,0,0,1,1,0,0,0,-3,1,1,0,0,0,0,0,0,
Jaden Springer,1.18,16.8,0,0,2,0,0,1,0,0,0,0,1,2,3,1,1,0,0,2,-18,1,1,3,0,0,0,0,2,
Jahmyl Telfort,1.41,8.1,0,0,0,0,0,0,0,0,0,0,0,0,0,1.5,0,0.5,0,1,3,0.75,0,0,0.25,0,0,0,0.5,
Jalen Hood-Schifino,1.91,21.1,0,0,4,0,0,1,0,0,0,0,1,1,2,0,1,1,0,6,-19,0,1,2,1,0,0,0,6,
Jalen Slawson,2.24,14.4,0,0,1,0,0,0,0,0,0,0,0,1,1,2,4,2,2,0,-5,2,4,1,2,2,0,0,0,
James Caron Butler Jr.,0.84,4.4,0,0,1,0,0,1,0,0,0,0,0,0,0,0,0,3,0,0,-1,0,0,0,3,0,0,0,0,
Jaxson Robinson,1.74,9.9,0,0,2,0,0,2,0,0,0,0,0,0,0,1,0.5,0,0,1,1,0.5,0.25,0,0,0,0,0,0.5,
Jordan Gainey,0.5,7,0,0,0,0,0,0,0,0,0,0,0,0,0,2,0,1,1,0,-6,2,0,0,1,1,0,0,0,
Josh Uduje,1.93,6.3,0,0,1,0,0,0,0,0,0,0,0,0,0,1,1,0,0,0,10,1,1,0,0,0,0,0,0,
Keisei Tominaga,0.58,1.8,0,0,1,0,0,1,0,0,0,0,0,0,0,0,0,0,1,1,0,0,0,0,0,1,0,0,1,
Kerwin Walton,0.16,3.1,0,0,1,0,0,1,0,0,0,0,0,0,0,0,0,0,0,0.5,-4,0,0,0,0,0,0,0,0.25,
Lance Ware,0.99,2.4,0,0,0.5,0,0,0,0,0,1,0,0.5,0,0.5,0,0,0,0,0,5,0,0,0.25,0,0,0.5,0,0,
Liam Robbins,0.79,5.9,0,0,1.5,0,0,1,0,0,0,0,0,0.5,0.5,0.5,1,0,0,1,-4,0.25,0.5,0.25,0,0,0,0,0.5,
Marcus Williams,2.14,12.4,0,0,3,0,0,2,0,0,0,0,1,0,1,0,0,0,1,1,0,0,0,1,0,1,0,0,1,
Nate Santos,1.23,6.8,0,0,1.5,0,0,1,0,0,0,0,0,2.5,2.5,0.5,1,0.5,0,1,-5,0.25,0.5,1.25,0.25,0,0,0,0.5,
Nathan Mensah,1.6,7,0,0,1,0,0,0,0,0,0,0,1,1,2,0,1,0,0,4,-1,0,1,2,0,0,0,0,4,
Noah Farrakhan,0.69,3.9,0,0,0,0,0,0,0,0,0,0,0,0,0,0,0,0,0,2,1,0,0,0,0,0,0,0,2,
Romeo Weems,-0.02,3.8,0,0,1,0,0,1,0,0,0,0,0,0,0,0,0,0,0,1,-7,0,0,0,0,0,0,0,1,
Steve Crowl,0.07,5.7,0,0,0,0,0,0,0,0,0,0,1,0,1,0,1,0,0,0,-8,0,1,1,0,0,0,0,0,
Steve Settle III,1.18,12.8,0,0,2,0,0,0,0,0,0,0,0,1,1,0,2,1,0,3,-11,0,2,1,1,0,0,0,3,
T.J. Bickerstaff,4.02,17.2,0,0,4,0,0,0,0,0,0,0,3,4,7,2,1,2,0,1,-1,2,1,7,2,0,0,0,1,
TY Johnson,6.64,16.4,0,0,6,0,0,3,0,0,0,0,1,5,6,3,0,0,2,3,21,3,0,6,0,2,0,0,3,
Tyson Degenhart,1.85,4.5,0,0,0,0,0,0,0,0,0,0,0,1,1,0,0,0,0,3,9,0,0,1,0,0,0,0,3,
Wade Taylor IV,-0.52,5.8,0,0,1,0,0,1,0,0,0,0,0,0,0,1,1,0,0,2,-17,1,1,0,0,0,0,0,2,
Zach Hicks,-0.21,1.9,0,0,1,0,0,1,0,0,0,0,0,0,0,0,0,0,0,1,-7,0,0,0,0,0,0,0,1,